first_session,last_session,total_sessions,company_id,user_count,days_active
2025-11-03T17:24:56.996Z,2026-01-15T19:38:09.121Z,42,,0,22
2025-11-01T12:02:17.381Z,2026-01-19T12:52:16.414Z,601,1,28,74
2025-11-01T00:38:56.682Z,2026-01-19T14:19:02.643Z,1893,5,18,80
2025-12-04T17:07:02.549Z,2025-12-17T22:29:47.680Z,5,6,1,3
2025-11-01T05:12:06.387Z,2026-01-19T14:19:30.172Z,206,11,6,55
2025-11-01T12:37:38.577Z,2026-01-19T14:08:38.254Z,304,28,7,67
2025-11-01T12:59:37.424Z,2026-01-19T14:21:22.994Z,2307,35,54,80
2025-11-05T14:01:20.372Z,2026-01-19T14:19:20.467Z,413,45,7,62
2025-12-04T14:19:44.631Z,2025-12-30T21:00:42.881Z,4,49,1,4
2025-11-01T12:55:52.477Z,2026-01-19T14:09:19.426Z,2235,54,39,80
2025-12-09T16:26:54.343Z,2025-12-26T21:17:34.119Z,3,74,1,3
2025-11-04T22:18:40.869Z,2026-01-16T15:14:12.086Z,62,75,2,42
2025-11-01T00:45:07.247Z,2026-01-19T13:00:08.341Z,758,85,9,80
2025-11-01T00:17:18.541Z,2026-01-19T13:51:12.176Z,3786,95,158,80
2025-11-01T14:20:30.403Z,2026-01-19T14:01:26.070Z,319,110,8,67
2025-11-01T01:20:13.213Z,2026-01-19T14:19:57.599Z,871,111,18,80
2025-11-03T21:34:45.846Z,2025-11-03T21:34:45.846Z,1,121,1,1
2025-11-01T12:52:34.703Z,2026-01-19T14:19:52.981Z,2997,123,50,80
2025-11-01T11:22:28.425Z,2026-01-19T14:11:57.148Z,801,124,12,80
2025-11-01T00:17:27.185Z,2026-01-19T14:03:29.291Z,3520,125,23,78
2025-12-10T15:33:40.731Z,2025-12-10T15:33:40.731Z,1,126,1,1
2025-11-05T21:41:50.402Z,2026-01-19T13:03:16.494Z,104,133,3,38
2025-11-01T12:44:37.429Z,2026-01-19T14:14:46.044Z,3086,135,55,78
2025-11-14T15:58:39.136Z,2025-11-14T15:58:39.136Z,1,136,1,1
2025-11-01T21:23:41.288Z,2026-01-19T13:21:05.761Z,357,138,10,72
2025-11-01T04:12:06.335Z,2026-01-19T14:16:22.250Z,3382,147,107,80
2025-11-25T21:42:41.721Z,2025-11-25T21:42:41.721Z,1,148,1,1
2025-11-20T18:04:07.273Z,2025-12-29T15:52:20.357Z,22,149,2,11
2025-11-01T04:35:43.871Z,2026-01-19T14:17:55.745Z,5456,150,130,79
2025-12-08T17:01:37.338Z,2025-12-08T17:01:37.338Z,1,154,1,1
2025-11-01T01:53:28.792Z,2026-01-19T14:08:33.827Z,8905,155,150,80
2025-11-01T00:52:25.641Z,2026-01-19T14:02:39.332Z,772,183,25,78
2025-11-06T02:31:29.448Z,2026-01-16T20:30:38.754Z,33,205,5,23
2025-11-05T13:01:05.497Z,2026-01-19T13:16:15.990Z,108,253,2,53
2025-11-06T16:25:24.296Z,2026-01-14T15:59:03.546Z,4,254,1,4
2025-11-01T01:35:54.802Z,2026-01-19T14:18:43.047Z,479,257,11,56
2025-11-07T13:53:52.158Z,2026-01-17T22:52:38.500Z,48,258,4,22
2026-01-14T14:55:08.761Z,2026-01-14T14:55:08.761Z,1,277,1,1
2025-11-21T21:07:19.389Z,2025-12-16T18:22:38.212Z,4,287,1,4
2025-11-01T12:02:02.230Z,2026-01-19T14:14:26.904Z,1556,288,20,64
2025-12-18T16:43:10.588Z,2026-01-12T16:54:04.667Z,4,289,1,3
2025-11-14T18:59:01.535Z,2026-01-05T20:03:09.558Z,5,300,1,4
2025-11-03T15:14:40.806Z,2026-01-13T19:20:27.320Z,34,301,1,19
2025-11-24T21:18:44.015Z,2025-11-26T17:47:55.589Z,3,303,1,3
2025-11-01T01:15:02.614Z,2026-01-15T20:15:14.191Z,22,304,2,11
2025-11-25T01:39:19.847Z,2025-11-26T13:31:37.830Z,3,305,1,2
2025-11-10T15:31:59.899Z,2026-01-16T19:14:11.718Z,9,307,2,7
2025-11-03T04:35:34.407Z,2026-01-16T19:39:55.741Z,97,311,7,28
2025-11-01T13:59:15.458Z,2026-01-19T14:12:24.748Z,1083,312,27,66
2025-12-09T18:41:14.266Z,2025-12-09T18:41:14.266Z,1,314,1,1
2025-11-12T19:37:04.767Z,2026-01-07T15:13:46.381Z,7,315,1,5
2025-11-01T14:39:19.880Z,2026-01-19T14:19:50.741Z,804,316,15,78
2025-11-03T12:46:00.817Z,2026-01-16T15:55:10.677Z,117,317,4,46
2025-11-03T15:00:50.200Z,2026-01-18T23:55:41.724Z,167,321,5,48
2025-11-19T18:17:21.827Z,2025-12-22T20:57:04.060Z,9,322,1,7
2025-11-13T22:33:56.049Z,2025-12-04T16:40:58.170Z,2,323,1,2
2025-11-01T17:40:58.333Z,2026-01-19T14:10:04.863Z,2070,331,48,76
2025-11-01T20:21:06.738Z,2026-01-18T18:54:13.672Z,605,337,4,70
2025-11-01T01:54:04.545Z,2026-01-19T14:02:00.252Z,949,339,13,80
2025-12-24T04:04:14.948Z,2025-12-29T15:38:41.290Z,3,350,1,2
2025-11-01T15:14:43.082Z,2026-01-19T14:19:01.431Z,600,353,18,66
2025-11-05T16:50:33.734Z,2026-01-12T19:29:48.932Z,28,358,1,20
2025-11-13T16:07:26.132Z,2026-01-15T19:17:06.087Z,7,359,1,6
2025-11-01T21:30:49.940Z,2026-01-19T13:41:43.312Z,437,361,7,71
2025-11-01T01:31:04.748Z,2026-01-19T14:07:32.292Z,872,362,21,78
2025-11-14T19:33:11.082Z,2026-01-07T15:13:50.694Z,3,380,1,3
2025-11-06T20:27:05.329Z,2026-01-15T20:55:21.329Z,40,382,4,17
2026-01-12T18:05:11.130Z,2026-01-13T23:05:04.291Z,2,384,1,2
2025-11-12T13:57:26.135Z,2026-01-16T20:44:54.544Z,5,404,1,5
2025-11-04T18:40:16.629Z,2026-01-16T22:11:05.846Z,265,405,7,50
2025-11-06T19:51:14.252Z,2026-01-17T16:44:58.739Z,72,417,4,37
2025-11-25T15:42:34.435Z,2025-11-26T17:51:30.040Z,2,422,1,2
2025-11-25T15:16:09.210Z,2025-11-26T17:54:11.283Z,3,423,1,2
2025-11-01T12:54:23.633Z,2026-01-19T13:43:01.266Z,1152,424,12,80
2025-11-17T14:56:35.819Z,2026-01-15T21:18:10.757Z,23,428,1,7
2025-11-01T12:57:57.871Z,2026-01-19T13:38:18.577Z,540,438,26,79
2025-11-04T18:45:02.390Z,2026-01-15T13:06:40.903Z,54,450,3,27
2025-11-28T14:16:51.312Z,2026-01-19T13:54:05.769Z,40,452,1,17
2025-11-02T23:19:54.083Z,2026-01-19T14:10:04.955Z,393,462,9,59
2025-11-01T01:31:15.907Z,2026-01-19T12:27:37.828Z,356,470,11,75
2025-11-01T13:37:40.301Z,2026-01-19T14:16:02.700Z,2110,692,53,71
2025-11-05T13:49:46.142Z,2026-01-19T13:41:55.115Z,79,741,3,56
2025-11-01T05:14:04.196Z,2026-01-14T16:50:54.909Z,525,745,29,49
2025-11-28T17:03:36.918Z,2025-12-24T04:07:59.705Z,6,748,1,3
2025-11-06T02:43:53.801Z,2026-01-16T21:02:22.645Z,56,807,4,26
2025-11-18T20:41:59.203Z,2026-01-16T20:52:04.050Z,111,811,2,24
2025-11-21T17:34:04.841Z,2026-01-16T21:27:52.068Z,20,823,2,11
2025-11-03T17:01:20.825Z,2026-01-19T13:30:32.765Z,330,855,8,54
2025-11-27T17:51:31.964Z,2025-12-22T21:17:18.979Z,2,911,1,2
2025-11-05T14:21:46.269Z,2026-01-19T13:50:28.446Z,145,930,3,50
2025-11-01T12:56:01.103Z,2026-01-19T13:56:20.491Z,396,935,9,62
2025-11-04T18:28:49.257Z,2026-01-16T19:42:52.298Z,36,1028,5,19
2025-11-20T19:02:22.347Z,2026-01-19T13:14:14.517Z,10,1039,1,9
2025-12-08T22:24:52.593Z,2025-12-08T22:24:52.593Z,1,1044,1,1
2025-11-01T14:59:02.927Z,2026-01-17T18:49:57.422Z,100,1053,9,63
2025-11-04T14:45:53.408Z,2026-01-13T14:25:46.032Z,33,1068,3,18
2025-11-03T17:53:39.686Z,2026-01-16T15:27:56.261Z,72,1133,2,40
2025-11-06T20:58:59.602Z,2026-01-15T13:13:13.121Z,32,1160,5,24
2025-11-03T13:56:53.177Z,2026-01-19T14:19:58.549Z,1254,1236,35,53
2025-11-07T01:09:16.647Z,2026-01-13T13:45:59.827Z,52,1245,1,14
2025-11-04T06:32:27.160Z,2026-01-19T14:21:07.059Z,117,1266,3,52
2025-11-26T18:01:07.641Z,2025-11-26T18:01:07.641Z,1,1280,1,1
2026-01-05T17:11:25.383Z,2026-01-05T17:11:56.104Z,2,1304,1,1
2025-12-26T16:10:00.163Z,2025-12-26T16:10:00.163Z,1,1379,1,1
2025-11-03T01:08:47.677Z,2026-01-19T13:20:17.004Z,119,1384,5,54
2025-11-01T20:19:32.075Z,2025-11-24T16:18:17.710Z,3,1407,1,2
2025-11-05T12:55:43.588Z,2026-01-19T13:25:50.772Z,196,1480,4,63
2025-11-07T14:55:06.097Z,2026-01-15T17:17:20.553Z,10,1482,2,6
2025-11-03T21:40:27.216Z,2026-01-19T05:07:26.923Z,120,1512,5,48
2025-11-13T13:49:48.422Z,2025-11-14T14:22:45.289Z,2,1547,1,2
2025-11-01T00:21:28.097Z,2026-01-19T13:35:08.584Z,528,1559,17,67
2025-11-21T19:46:43.491Z,2025-11-26T14:04:42.302Z,4,1565,2,3
2025-11-04T02:31:49.881Z,2026-01-16T16:56:11.818Z,154,1566,6,44
2025-11-05T13:21:12.894Z,2026-01-19T13:23:54.362Z,116,1584,5,51
2025-11-05T22:01:34.898Z,2026-01-16T19:46:37.788Z,46,1633,2,20
2025-11-13T17:11:12.948Z,2026-01-19T13:04:21.212Z,48,1639,3,17
2026-01-08T17:58:55.956Z,2026-01-08T17:58:55.956Z,1,1640,1,1
2025-11-02T15:56:26.408Z,2026-01-16T14:56:00.488Z,52,1641,5,26
2025-11-28T20:22:26.232Z,2026-01-14T13:56:43.026Z,5,1642,1,4
2025-12-29T16:10:30.795Z,2025-12-29T16:10:30.795Z,1,1648,1,1
2025-11-03T22:20:48.625Z,2026-01-16T16:31:24.286Z,67,1649,5,34
2025-11-28T18:55:02.931Z,2026-01-16T20:25:29.493Z,25,1655,3,8
2025-11-10T18:37:49.794Z,2025-11-20T13:39:01.053Z,5,1666,1,3
2025-12-23T13:53:48.777Z,2025-12-23T14:44:12.733Z,2,1674,1,1
2025-11-14T20:46:15.563Z,2025-11-14T20:46:15.563Z,1,1684,1,1
2025-11-01T13:29:30.058Z,2026-01-19T14:10:56.487Z,98,1694,3,51
2025-11-01T12:41:04.960Z,2026-01-19T14:15:08.839Z,2146,1696,43,79
2025-11-01T13:13:51.003Z,2026-01-19T14:03:39.840Z,824,1737,37,75
2025-11-10T17:48:24.484Z,2026-01-06T13:40:32.614Z,6,1758,1,6
2026-01-13T14:01:12.689Z,2026-01-13T14:01:12.689Z,1,1760,1,1
2025-11-05T12:35:27.865Z,2026-01-19T14:16:06.111Z,627,1761,8,52
2026-01-13T00:06:52.270Z,2026-01-13T00:06:52.270Z,1,1770,1,1
2025-11-24T21:56:37.807Z,2026-01-14T19:24:59.367Z,3,1794,1,3
2025-12-18T16:43:56.773Z,2026-01-16T19:46:27.421Z,4,1798,1,4
2025-11-24T17:11:11.005Z,2025-11-24T17:11:11.005Z,1,1808,1,1
2025-11-04T02:13:05.538Z,2026-01-15T14:41:32.039Z,43,1811,2,24
2026-01-13T19:43:55.272Z,2026-01-13T19:46:08.056Z,2,1824,1,1
2025-11-04T14:52:04.114Z,2026-01-16T19:26:23.772Z,79,1828,2,34
2025-11-24T13:56:08.526Z,2025-12-16T15:43:10.559Z,2,1843,1,2
2025-11-03T20:38:30.781Z,2026-01-19T13:18:37.190Z,221,1844,10,63
2025-11-10T19:50:41.870Z,2026-01-05T19:40:05.249Z,13,1845,2,13
2026-01-13T19:58:12.377Z,2026-01-13T19:58:12.377Z,1,1846,1,1
2025-11-01T17:07:19.247Z,2026-01-14T15:47:46.575Z,72,1848,4,26
2025-11-12T15:09:46.111Z,2026-01-08T16:08:36.867Z,3,1849,1,3
2025-11-05T14:52:27.121Z,2026-01-16T19:46:52.443Z,57,1860,2,30
2025-11-10T18:54:48.197Z,2026-01-16T13:24:05.134Z,7,1867,1,6
2025-11-10T15:46:16.452Z,2025-11-10T15:46:16.452Z,1,1878,1,1
2025-11-06T22:19:18.522Z,2026-01-08T14:32:52.429Z,2,1880,1,2
2025-11-05T18:09:25.649Z,2026-01-16T21:28:05.183Z,20,1890,1,15
2025-11-21T13:25:58.457Z,2025-12-11T19:55:15.423Z,3,1896,2,2
2025-11-27T15:45:26.188Z,2026-01-13T19:47:37.395Z,36,1898,5,17
2025-11-06T13:45:56.812Z,2026-01-14T18:16:11.773Z,7,1903,1,5
2025-11-18T20:40:25.214Z,2025-12-03T19:08:19.503Z,2,1919,1,2
2025-11-01T15:41:12.938Z,2026-01-16T16:24:57.103Z,286,1925,11,55
2025-11-05T18:52:41.059Z,2026-01-14T23:45:30.851Z,67,1926,1,24
2025-11-01T00:09:08.564Z,2026-01-17T04:15:25.279Z,111,1937,7,35
2025-11-07T21:26:31.060Z,2026-01-10T20:05:51.489Z,10,1940,2,8
2025-11-05T14:17:08.022Z,2025-11-06T16:41:47.501Z,3,1942,1,2
2025-11-02T22:20:46.123Z,2026-01-19T14:18:25.467Z,670,1944,2,64
2025-11-03T13:22:21.370Z,2026-01-19T13:36:04.427Z,217,1945,2,54
2025-11-06T14:49:49.626Z,2026-01-19T14:08:40.620Z,64,1946,2,28
2025-11-04T14:58:36.158Z,2026-01-19T14:09:55.083Z,189,1950,4,54
2025-11-04T14:22:27.978Z,2026-01-19T02:43:21.282Z,103,1951,2,43
2025-11-05T05:10:45.331Z,2026-01-19T05:30:57.563Z,24,1955,1,17
2025-11-04T19:36:53.891Z,2026-01-08T19:20:32.441Z,45,1957,1,23
2025-11-06T14:20:21.418Z,2026-01-14T14:44:26.656Z,62,1962,5,44
2025-11-07T14:49:27.056Z,2025-11-25T14:03:37.792Z,9,1964,3,4
2025-11-03T15:14:30.706Z,2026-01-14T20:45:18.094Z,54,1973,3,36
2025-11-01T17:49:15.306Z,2026-01-19T14:14:27.040Z,3662,1974,181,71
2025-11-04T13:30:59.841Z,2026-01-12T21:24:39.860Z,86,1975,7,27
2025-11-06T00:42:32.378Z,2025-12-19T18:41:34.788Z,8,1976,1,5
2025-12-11T20:36:24.476Z,2026-01-05T20:22:25.616Z,4,1978,1,4
2025-11-06T11:22:28.672Z,2026-01-15T15:11:37.824Z,83,1983,10,31
2025-11-13T19:13:38.327Z,2026-01-09T20:42:00.866Z,3,1984,1,3
2025-11-10T20:34:04.831Z,2026-01-15T18:18:33.030Z,90,1988,4,41
2025-11-01T14:21:57.038Z,2026-01-16T16:25:02.773Z,322,1992,6,66
2025-11-06T16:36:20.626Z,2025-12-29T21:15:36.840Z,4,1993,1,4
2025-11-06T14:59:35.034Z,2026-01-13T20:51:49.776Z,38,1995,1,18
2025-12-04T14:24:44.389Z,2026-01-15T15:43:04.421Z,3,1998,1,3
2025-11-17T19:42:18.157Z,2026-01-08T14:34:21.508Z,5,2001,2,5
2025-12-24T21:06:21.128Z,2025-12-24T21:06:21.128Z,1,2005,1,1
2025-11-10T20:23:58.453Z,2026-01-12T23:02:51.884Z,5,2006,2,4
2025-11-18T23:03:52.901Z,2026-01-13T21:15:41.952Z,6,2012,1,4
2025-12-16T18:54:10.300Z,2026-01-16T16:51:54.274Z,5,2014,1,5
2026-01-07T16:40:53.286Z,2026-01-07T16:41:00.967Z,2,2027,1,1
2025-11-25T18:29:22.141Z,2026-01-07T17:38:06.689Z,20,2030,3,9
2025-11-05T18:39:30.884Z,2025-12-29T21:12:11.460Z,104,2031,5,28
2025-11-07T01:39:03.655Z,2026-01-12T21:29:47.253Z,4,2032,1,4
2025-11-06T15:21:34.066Z,2026-01-15T14:20:00.310Z,118,2042,4,31
2025-11-28T20:14:36.169Z,2025-11-28T20:14:36.169Z,1,2043,1,1
2025-12-03T20:24:53.665Z,2026-01-14T13:56:40.626Z,10,2047,1,7
2025-11-04T01:41:20.355Z,2026-01-07T14:49:36.061Z,10,2048,1,6
2025-11-05T13:56:14.565Z,2026-01-19T13:43:34.378Z,119,2049,6,51
2025-11-04T14:00:20.798Z,2026-01-15T11:57:48.047Z,41,2050,1,33
2025-11-05T20:43:50.520Z,2026-01-14T20:28:57.254Z,99,2073,2,34
2025-12-17T13:44:00.337Z,2026-01-19T14:02:31.264Z,45,2089,3,13
2025-11-05T22:15:49.641Z,2025-11-28T20:34:53.509Z,7,2095,1,6
2025-12-14T14:17:10.318Z,2025-12-14T14:17:10.318Z,1,2110,1,1
2025-11-01T03:31:16.627Z,2026-01-19T14:17:38.538Z,1476,2125,16,80
2025-11-03T14:02:10.374Z,2026-01-17T15:10:29.201Z,280,2130,4,60
2025-11-11T15:09:54.734Z,2026-01-12T18:27:35.516Z,9,2139,3,4
2025-11-03T15:21:49.194Z,2026-01-19T13:53:59.209Z,260,2156,19,51
2026-01-09T15:30:06.694Z,2026-01-09T15:30:06.694Z,1,2167,1,1
2025-11-18T23:05:56.477Z,2025-11-18T23:05:56.477Z,1,2175,1,1
2025-11-01T14:16:02.610Z,2026-01-19T14:07:47.093Z,900,2183,12,63
2025-11-04T14:01:19.943Z,2026-01-15T20:11:25.398Z,197,2190,6,53
2025-11-03T03:38:07.202Z,2026-01-16T17:23:44.058Z,97,2205,3,35
2025-11-12T14:43:30.229Z,2026-01-16T19:49:43.099Z,12,2223,6,4
2025-11-01T13:53:00.251Z,2026-01-19T14:08:28.304Z,380,2233,5,61
2025-11-06T20:10:29.064Z,2026-01-15T18:11:07.784Z,10,2234,1,5
2025-11-09T23:21:26.811Z,2026-01-12T18:32:59.909Z,3,2235,2,3
2025-11-01T14:21:11.569Z,2026-01-17T16:05:54.767Z,59,2236,2,32
2025-11-05T15:02:30.673Z,2026-01-13T22:08:08.916Z,12,2239,2,5
2026-01-14T17:10:40.889Z,2026-01-14T17:10:40.889Z,1,2241,1,1
2025-11-06T14:57:56.188Z,2026-01-16T16:36:54.528Z,77,2242,1,33
2025-11-07T15:34:13.011Z,2026-01-09T16:08:42.621Z,33,2243,3,19
2025-11-05T15:03:22.526Z,2025-11-05T17:37:25.383Z,4,2250,1,1
2025-11-06T15:11:24.844Z,2026-01-08T20:54:21.910Z,12,2252,1,7
2026-01-08T13:59:56.063Z,2026-01-15T18:16:12.784Z,4,2254,1,4
2025-11-01T00:33:34.822Z,2026-01-19T14:14:33.318Z,4815,2255,52,80
2025-11-05T16:35:28.666Z,2025-12-26T20:11:15.725Z,18,2258,2,15
2025-11-18T23:11:34.763Z,2025-11-18T23:12:12.759Z,2,2263,1,1
2025-11-12T15:48:17.437Z,2026-01-06T19:21:19.429Z,9,2264,1,3
2025-11-01T03:28:39.577Z,2026-01-19T13:54:33.128Z,5367,2276,88,78
2025-11-04T02:42:40.890Z,2026-01-19T13:44:28.464Z,107,2277,5,37
2025-12-11T22:13:25.469Z,2025-12-12T15:23:48.344Z,2,2291,1,2
2025-12-17T21:44:31.641Z,2025-12-17T21:44:31.641Z,1,2292,1,1
2025-11-03T14:19:51.842Z,2026-01-19T14:15:10.056Z,201,2297,6,57
2025-11-07T14:47:30.127Z,2026-01-12T18:34:59.183Z,14,2298,2,9
2025-11-05T13:22:57.840Z,2026-01-08T15:05:57.863Z,78,2299,2,39
2025-11-05T14:42:57.733Z,2026-01-19T13:27:12.043Z,101,2309,3,52
2025-11-27T13:38:29.887Z,2026-01-16T22:02:30.372Z,106,2312,2,28
2025-11-13T04:19:00.193Z,2025-12-15T22:52:00.705Z,13,2314,1,7
2026-01-08T17:48:18.286Z,2026-01-08T17:48:18.286Z,1,2320,1,1
2025-11-05T00:00:20.426Z,2026-01-15T16:13:12.010Z,61,2322,2,24
2025-11-07T11:32:16.637Z,2025-12-17T17:26:22.199Z,4,2324,1,3
2025-11-05T15:10:07.572Z,2026-01-15T23:36:13.206Z,32,2325,2,18
2025-12-09T22:12:34.040Z,2026-01-17T17:04:23.671Z,20,2326,2,16
2025-11-06T13:40:51.579Z,2025-12-22T14:45:53.736Z,19,2344,2,15
2025-12-16T00:11:23.045Z,2025-12-16T00:11:23.045Z,1,2346,1,1
2025-12-23T19:58:34.793Z,2025-12-23T19:58:34.793Z,1,2347,1,1
2026-01-07T16:42:27.955Z,2026-01-07T19:51:08.003Z,2,2363,1,1
2025-11-04T15:58:46.549Z,2026-01-12T19:44:55.426Z,47,2379,1,16
2025-11-08T01:30:37.749Z,2025-12-22T19:50:32.101Z,7,2380,1,7
2026-01-13T21:13:53.171Z,2026-01-13T21:13:53.171Z,1,2391,1,1
2025-12-09T22:10:08.207Z,2025-12-09T22:10:08.207Z,1,2393,1,1
2025-11-05T21:26:32.066Z,2026-01-16T15:56:27.155Z,90,2395,3,29
2025-11-26T22:42:17.755Z,2025-12-23T03:26:13.597Z,2,2396,2,2
2025-11-05T13:44:49.986Z,2026-01-19T14:07:24.453Z,467,2397,8,59
2025-11-06T15:46:24.261Z,2026-01-16T16:47:19.347Z,61,2401,2,31
2025-11-04T13:38:05.207Z,2026-01-16T16:45:49.307Z,179,2413,5,46
2025-11-06T13:42:11.381Z,2026-01-09T15:56:52.381Z,3,2415,1,3
2025-11-06T13:42:30.225Z,2025-12-22T14:46:03.624Z,20,2419,1,16
2025-12-24T14:01:29.267Z,2026-01-16T21:56:48.860Z,37,2420,6,12
2025-11-06T13:29:39.423Z,2025-12-11T17:23:48.710Z,7,2424,1,6
2025-11-01T13:31:52.657Z,2026-01-19T14:09:02.349Z,102,2425,3,74
2025-11-25T22:16:04.308Z,2025-11-25T22:16:04.308Z,1,2427,1,1
2025-11-01T17:38:49.408Z,2026-01-07T14:53:47.668Z,13,2430,1,12
2026-01-07T21:26:48.097Z,2026-01-16T23:15:43.710Z,11,2431,1,6
2025-11-20T17:18:09.273Z,2025-12-30T20:37:58.993Z,4,2437,2,4
2025-12-03T21:45:49.477Z,2026-01-15T13:51:54.808Z,61,2452,2,23
2025-11-28T00:53:13.983Z,2025-12-17T14:17:24.630Z,2,2454,1,2
2025-11-04T20:40:55.966Z,2026-01-19T13:53:29.795Z,431,2455,4,57
2025-11-11T16:15:10.737Z,2026-01-16T13:49:24.451Z,33,2456,1,23
2025-11-13T20:36:15.351Z,2026-01-14T20:33:21.602Z,24,2457,1,16
2025-11-05T16:40:57.416Z,2025-11-06T14:45:42.225Z,5,2458,2,2
2025-11-12T14:44:00.100Z,2026-01-13T19:43:04.659Z,19,2461,1,17
2025-11-06T13:47:25.598Z,2025-11-06T13:47:25.598Z,1,2466,1,1
2025-11-04T19:14:55.359Z,2025-12-08T20:27:57.219Z,4,2469,2,3
2025-11-06T21:12:02.233Z,2026-01-19T13:49:00.414Z,125,2471,5,42
2025-11-05T19:37:24.390Z,2026-01-16T19:50:08.764Z,10,2474,1,7
2025-11-11T15:40:08.675Z,2025-12-31T17:12:26.536Z,12,2475,1,9
2025-12-13T01:36:40.900Z,2025-12-13T01:36:40.900Z,1,2476,1,1
2025-11-02T18:32:59.591Z,2026-01-19T13:27:35.831Z,1266,2479,33,70
2025-12-02T14:42:37.317Z,2026-01-14T15:41:31.536Z,3,2480,2,3
2025-11-17T17:13:49.973Z,2026-01-12T18:44:42.241Z,2,2482,2,2
2026-01-12T18:45:29.240Z,2026-01-12T18:45:29.240Z,1,2484,1,1
2025-11-07T22:21:04.925Z,2025-11-07T22:24:17.841Z,3,2486,1,1
2025-11-18T15:20:27.673Z,2026-01-05T17:10:03.942Z,10,2497,1,7
2025-11-05T12:53:27.594Z,2026-01-19T13:12:14.181Z,193,2505,4,53
2025-11-01T01:29:49.030Z,2026-01-19T13:57:11.030Z,133,2506,1,48
2025-12-26T21:35:22.618Z,2026-01-13T17:56:14.038Z,2,2522,1,2
2025-11-25T17:50:53.163Z,2025-11-25T18:45:18.200Z,3,2524,1,1
2025-11-12T14:44:49.262Z,2026-01-15T15:18:18.161Z,6,2525,1,6
2025-11-05T16:45:09.443Z,2026-01-17T13:30:23.918Z,58,2526,2,51
2025-11-12T16:45:43.499Z,2025-11-16T15:19:49.240Z,2,2527,2,2
2025-11-04T18:49:53.944Z,2026-01-12T18:50:41.992Z,48,2528,2,29
2025-11-03T17:22:04.774Z,2025-12-19T13:03:41.568Z,21,2531,4,15
2025-11-07T13:29:21.196Z,2025-11-07T13:40:28.477Z,4,2536,1,1
2025-11-05T19:40:46.164Z,2026-01-15T14:55:23.577Z,13,2545,1,9
2025-11-26T15:08:59.463Z,2025-12-12T14:08:01.890Z,2,2547,1,2
2025-11-04T21:56:26.213Z,2026-01-09T23:39:45.360Z,15,2548,1,9
2025-11-06T13:43:28.910Z,2025-11-10T17:45:30.521Z,2,2549,1,2
2025-11-06T21:45:51.809Z,2026-01-12T18:46:05.840Z,9,2559,2,7
2025-12-03T22:56:55.430Z,2025-12-03T22:56:55.430Z,1,2560,1,1
2025-11-06T13:38:25.694Z,2026-01-12T18:51:27.203Z,14,2563,1,11
2025-11-05T18:21:47.080Z,2025-11-05T18:21:47.080Z,1,2564,1,1
2025-11-14T14:09:39.868Z,2025-11-14T14:09:39.868Z,1,2578,1,1
2025-11-04T22:04:41.901Z,2026-01-14T22:08:20.047Z,39,2597,2,23
2025-11-12T14:46:35.890Z,2025-11-18T20:34:24.075Z,2,2600,1,2
2025-11-01T00:21:16.043Z,2026-01-19T14:14:12.504Z,2521,2601,38,78
2025-11-01T18:17:29.185Z,2026-01-12T21:30:37.998Z,188,2602,2,67
2025-11-01T00:19:17.790Z,2026-01-16T19:24:20.015Z,210,2603,3,63
2025-11-19T00:11:46.402Z,2026-01-12T18:52:09.401Z,2,2605,1,2
2025-12-03T13:15:07.861Z,2026-01-09T16:36:38.547Z,4,2606,2,3
2025-11-02T23:22:52.038Z,2026-01-17T00:08:58.936Z,32,2610,2,29
2025-11-03T17:05:27.738Z,2026-01-05T13:32:43.330Z,7,2612,1,6
2025-11-02T18:51:58.899Z,2025-11-02T22:02:01.036Z,3,2613,1,1
2025-11-18T19:58:59.596Z,2025-12-26T20:18:07.278Z,4,2614,1,3
2025-11-03T14:57:08.880Z,2025-12-09T19:55:58.126Z,14,2615,2,11
2025-11-06T14:11:58.358Z,2025-11-25T15:35:40.367Z,13,2617,2,7
2025-12-04T16:19:22.341Z,2025-12-04T16:19:22.341Z,1,2620,1,1
2025-11-20T21:38:38.300Z,2025-11-27T15:47:03.107Z,3,2623,1,3
2025-11-06T13:34:37.937Z,2026-01-19T02:51:59.620Z,133,2625,4,31
2025-11-01T13:06:09.505Z,2026-01-19T13:36:28.978Z,511,2628,7,78
2025-12-15T20:57:10.191Z,2025-12-15T20:57:10.191Z,1,2632,1,1
2025-11-07T19:58:27.601Z,2025-11-07T19:58:27.601Z,1,2633,1,1
2025-12-19T14:56:28.187Z,2025-12-19T14:56:28.187Z,1,2636,1,1
2025-11-01T12:54:30.068Z,2026-01-19T14:05:12.821Z,366,2642,8,80
2025-11-05T13:12:13.050Z,2026-01-19T13:47:56.789Z,82,2645,4,37
2025-11-04T21:41:15.236Z,2026-01-08T17:26:33.672Z,71,2646,1,29
2025-12-05T19:04:35.591Z,2025-12-11T19:33:07.379Z,3,2648,1,2
2025-11-03T19:47:04.168Z,2026-01-13T14:54:51.894Z,17,2649,2,15
2025-11-01T14:46:04.262Z,2026-01-06T15:08:29.716Z,27,2653,2,24
2025-11-04T21:11:20.045Z,2026-01-19T13:22:54.451Z,109,2655,1,37
2025-11-11T05:36:06.782Z,2026-01-15T01:03:11.642Z,6,2656,1,4
2025-11-06T13:44:22.451Z,2025-11-06T13:44:22.451Z,1,2661,1,1
2025-11-01T00:01:08.427Z,2026-01-15T12:42:56.142Z,69,2662,2,21
2025-11-01T00:32:06.439Z,2026-01-07T17:50:40.555Z,22,2663,2,14
2025-11-02T18:14:41.754Z,2026-01-18T14:11:59.182Z,204,2665,2,69
2025-11-18T22:32:24.872Z,2025-11-18T22:32:24.872Z,1,2666,1,1
2025-11-25T15:58:13.569Z,2025-11-27T23:14:59.608Z,9,2667,1,3
2025-11-11T19:57:17.509Z,2026-01-19T13:39:57.053Z,12,2668,1,9
2025-11-05T16:30:48.798Z,2026-01-16T17:32:46.880Z,29,2669,2,14
2025-11-05T16:18:53.617Z,2026-01-09T19:13:08.110Z,19,2670,2,12
2025-11-18T22:29:07.183Z,2025-11-26T20:23:33.759Z,2,2671,1,2
2025-12-05T14:34:08.345Z,2025-12-05T14:34:08.345Z,1,2673,1,1
2025-11-07T20:42:51.190Z,2025-11-21T23:00:59.133Z,2,2675,1,2
2025-11-04T14:34:49.111Z,2026-01-16T21:06:01.832Z,176,2676,25,43
2025-11-10T13:37:04.970Z,2025-11-10T13:37:04.970Z,1,2677,1,1
2025-11-01T00:03:50.107Z,2026-01-18T21:16:59.880Z,566,2678,3,79
2025-11-01T01:11:18.972Z,2026-01-09T15:55:07.251Z,88,2679,2,38
2025-11-11T13:57:19.656Z,2025-12-26T20:23:03.638Z,5,2681,2,3
2025-11-12T20:45:17.771Z,2026-01-15T22:06:50.114Z,12,2683,2,7
2025-11-05T13:56:37.367Z,2026-01-19T11:18:51.720Z,69,2684,4,38
2025-11-13T13:01:20.828Z,2026-01-16T21:35:48.703Z,4,2686,1,4
2025-11-19T01:45:24.577Z,2026-01-13T21:17:39.973Z,21,2688,2,10
2025-11-20T17:23:21.005Z,2026-01-11T14:57:50.627Z,6,2690,1,5
2025-12-05T14:29:48.495Z,2025-12-05T14:29:48.495Z,1,2691,1,1
2025-11-19T14:42:40.523Z,2026-01-19T12:56:37.459Z,32,2692,2,17
2025-11-03T02:40:38.102Z,2025-12-29T21:47:51.936Z,17,2693,2,15
2025-11-11T02:07:26.383Z,2025-11-14T17:34:03.498Z,4,2695,1,3
2025-11-12T15:35:26.047Z,2025-11-12T15:35:26.047Z,1,2696,1,1
2025-11-06T13:43:55.264Z,2025-11-06T20:20:45.695Z,3,2699,1,1
2025-11-06T13:36:31.153Z,2025-11-06T13:45:34.980Z,3,2702,1,1
2025-11-11T16:45:25.076Z,2026-01-16T15:57:58.837Z,39,2703,3,16
2025-11-02T19:19:18.609Z,2026-01-12T20:15:50.901Z,6,2704,2,3
2025-12-01T15:01:43.459Z,2025-12-05T14:29:24.368Z,2,2705,1,2
2025-11-09T04:15:15.456Z,2025-12-12T22:09:18.696Z,19,2708,2,16
2025-11-25T14:01:17.256Z,2025-12-30T16:05:08.791Z,2,2709,1,2
2025-11-06T13:41:50.063Z,2026-01-16T16:53:32.807Z,8,2710,1,6
2025-12-08T16:34:39.762Z,2026-01-05T14:47:21.792Z,35,2711,2,19
2025-11-01T14:06:21.473Z,2025-12-01T17:38:43.865Z,10,2716,2,9
2025-11-06T20:37:10.596Z,2026-01-09T15:56:16.252Z,20,2717,1,14
2025-11-19T15:47:53.633Z,2025-12-22T17:06:58.328Z,7,2721,2,5
2025-11-17T16:49:51.539Z,2026-01-16T20:12:45.698Z,15,2725,1,12
2025-12-31T17:26:54.262Z,2025-12-31T17:26:54.262Z,1,2726,1,1
2025-11-05T19:13:10.214Z,2025-12-24T01:22:44.061Z,56,2728,1,22
2025-11-03T19:30:19.521Z,2026-01-17T22:54:57.033Z,131,2729,2,39
2025-11-12T21:52:24.051Z,2025-11-12T21:52:24.051Z,1,2735,1,1
2025-11-18T20:06:30.846Z,2025-11-18T20:06:30.846Z,1,2736,1,1
2026-01-06T22:49:44.335Z,2026-01-07T13:36:14.274Z,2,2737,1,2
2025-11-12T15:12:53.521Z,2025-11-12T15:12:53.521Z,1,2738,1,1
2025-11-05T15:36:33.645Z,2025-12-29T21:09:20.684Z,11,2739,1,6
2025-11-03T14:59:44.575Z,2026-01-16T20:50:09.364Z,13,2740,2,9
2025-11-05T13:49:45.503Z,2026-01-19T13:20:14.305Z,95,2742,4,37
2025-11-02T18:27:12.523Z,2026-01-13T21:07:48.166Z,17,2743,2,10
2025-11-02T17:36:56.677Z,2026-01-16T21:38:38.188Z,44,2744,2,26
2025-11-01T21:39:56.976Z,2026-01-19T03:44:00.846Z,117,2745,5,32
2025-11-05T13:37:24.213Z,2025-11-07T16:01:25.864Z,7,2746,3,3
2025-11-02T23:21:31.213Z,2025-12-10T22:33:13.514Z,16,2748,1,9
2025-11-04T19:34:10.655Z,2026-01-13T15:58:35.624Z,83,2750,2,29
2025-11-03T21:13:10.026Z,2026-01-12T20:21:56.697Z,11,2752,2,10
2025-12-05T13:26:09.093Z,2025-12-12T19:51:20.096Z,3,2753,1,3
2025-11-11T20:45:36.219Z,2026-01-18T20:31:25.840Z,96,2754,4,42
2025-11-17T15:18:23.429Z,2025-11-26T16:03:28.735Z,9,2755,1,6
2025-11-17T20:39:21.768Z,2026-01-16T14:12:00.139Z,42,2756,3,19
2025-11-21T19:44:55.943Z,2026-01-15T20:33:32.168Z,10,2757,1,8
2025-11-17T21:20:20.765Z,2026-01-16T16:06:26.607Z,16,2758,2,6
2025-11-05T16:09:01.994Z,2025-12-10T15:51:47.127Z,34,2759,2,16
2025-11-05T13:32:20.474Z,2026-01-16T16:31:35.044Z,90,2760,2,43
2025-11-12T13:23:52.754Z,2026-01-14T13:55:08.647Z,10,2761,1,10
2025-11-01T01:33:34.851Z,2026-01-14T22:33:05.893Z,57,2762,2,30
2025-11-05T13:20:53.526Z,2025-11-07T22:05:43.041Z,5,2765,1,2
2025-11-02T18:49:21.619Z,2026-01-12T20:35:16.667Z,89,2768,2,31
2025-12-03T17:35:47.694Z,2025-12-30T11:48:39.641Z,14,2769,3,6
2025-11-05T13:19:10.261Z,2026-01-12T20:01:05.409Z,15,2770,2,10
2025-11-04T16:44:28.694Z,2026-01-18T14:56:54.059Z,90,2774,3,60
2025-11-02T23:20:25.062Z,2026-01-17T01:45:49.901Z,140,2775,6,49
2025-11-05T15:25:31.396Z,2025-11-07T14:45:25.640Z,2,2782,1,2
2025-11-05T16:36:00.874Z,2025-11-05T17:06:45.985Z,2,2783,1,1
2025-11-05T17:36:22.320Z,2026-01-08T13:32:41.971Z,3,2786,1,3
2025-11-05T18:09:54.820Z,2025-11-05T18:09:54.820Z,1,2787,1,1
2025-11-06T17:09:49.806Z,2025-11-10T16:02:01.136Z,4,2788,3,3
2025-11-07T16:10:49.204Z,2025-11-07T16:10:49.204Z,1,2789,1,1
2025-11-06T21:46:53.842Z,2025-11-06T21:46:53.842Z,1,2790,1,1
2025-11-07T15:30:14.966Z,2025-11-14T20:03:29.248Z,11,2791,1,7
2025-11-07T16:30:06.839Z,2025-11-07T16:30:06.839Z,1,2792,1,1
2025-11-07T16:50:45.146Z,2025-11-24T15:37:00.581Z,4,2793,2,2
2025-11-07T17:31:04.457Z,2025-11-07T17:53:18.511Z,2,2794,1,1
2025-11-07T20:53:14.940Z,2025-11-19T19:33:16.375Z,32,2796,2,8
2025-11-07T21:26:04.906Z,2025-11-07T21:26:04.906Z,1,2797,1,1
2025-11-08T00:34:13.971Z,2025-11-13T15:45:07.677Z,8,2798,1,5
2025-11-10T13:16:51.953Z,2026-01-16T18:28:30.901Z,99,2799,5,19
2025-11-11T13:18:37.619Z,2026-01-16T13:59:12.547Z,42,2800,3,24
2025-11-10T14:04:37.090Z,2025-11-13T14:26:46.635Z,7,2801,1,4
2025-12-09T17:44:04.682Z,2025-12-17T22:47:35.077Z,2,2802,1,2
2025-11-11T13:28:27.075Z,2025-11-16T17:30:47.987Z,14,2803,1,6
2025-11-11T16:12:05.823Z,2025-12-22T13:57:49.444Z,6,2804,1,5
2025-11-13T13:21:37.415Z,2026-01-15T20:10:22.649Z,10,2805,2,5
2025-11-11T19:35:10.784Z,2025-11-11T19:35:10.784Z,1,2806,1,1
2025-11-11T19:58:25.471Z,2025-11-11T19:58:25.471Z,1,2807,1,1
2025-11-11T21:27:05.929Z,2026-01-19T13:24:59.599Z,88,2808,2,44
2025-11-11T22:32:44.019Z,2026-01-19T13:50:31.443Z,99,2809,2,58
2025-11-12T04:27:24.624Z,2025-12-04T16:43:16.537Z,5,2810,1,5
2025-11-12T14:11:38.208Z,2025-11-17T18:00:28.841Z,5,2811,1,3
2025-11-12T14:15:23.667Z,2025-11-12T14:15:23.667Z,1,2812,1,1
2025-11-12T14:24:13.631Z,2025-11-12T14:24:13.631Z,1,2813,1,1
2025-11-13T20:42:24.136Z,2025-11-15T23:03:23.998Z,5,2814,2,3
2025-11-13T21:02:28.677Z,2025-11-15T13:05:47.274Z,13,2815,2,3
2025-11-13T21:16:34.740Z,2025-11-13T21:18:14.454Z,2,2816,1,1
2025-11-15T01:19:07.572Z,2025-11-15T16:31:57.412Z,2,2819,1,1
2025-11-14T18:54:27.453Z,2025-11-19T19:04:58.802Z,13,2822,3,5
2025-11-14T20:06:48.004Z,2025-11-14T20:06:48.004Z,1,2823,1,1
2025-11-14T20:10:20.067Z,2025-11-14T20:10:20.067Z,1,2824,1,1
2025-11-14T20:18:36.042Z,2025-11-15T05:10:27.581Z,3,2825,2,2
2025-11-14T20:42:09.574Z,2025-11-14T20:56:13.524Z,2,2826,1,1
2025-11-14T21:34:55.654Z,2025-11-14T21:34:55.654Z,1,2827,1,1
2025-11-14T23:08:17.599Z,2025-11-19T13:32:06.930Z,17,2828,3,5
2025-11-15T01:03:02.934Z,2025-11-15T16:27:08.309Z,2,2829,1,1
2025-11-15T01:24:45.632Z,2025-11-16T16:58:40.276Z,4,2830,1,2
2025-11-15T17:04:04.731Z,2025-11-15T17:04:04.731Z,1,2831,1,1
2025-11-15T17:14:22.305Z,2025-11-15T17:14:22.305Z,1,2832,1,1
2025-11-15T19:36:26.574Z,2025-11-20T21:00:34.563Z,4,2833,1,2
2025-11-15T21:41:26.015Z,2026-01-15T21:02:18.891Z,23,2834,5,9
2025-11-15T23:30:34.805Z,2026-01-15T17:03:35.030Z,12,2836,1,10
2025-11-16T16:36:15.313Z,2025-11-16T16:54:20.301Z,2,2837,1,1
2025-11-16T17:51:50.035Z,2026-01-10T02:23:55.998Z,63,2838,2,27
2025-11-16T22:37:39.212Z,2025-11-16T22:37:39.212Z,1,2839,1,1
2025-11-16T23:51:51.063Z,2026-01-05T21:17:32.932Z,20,2840,2,13
2025-11-17T00:12:10.215Z,2025-11-17T02:32:49.971Z,2,2841,1,1
2025-11-17T13:16:54.282Z,2026-01-13T23:03:38.329Z,50,2842,4,21
2025-11-17T13:35:18.176Z,2025-11-17T13:35:18.176Z,1,2843,1,1
2025-11-17T14:07:48.814Z,2025-11-17T14:07:48.814Z,1,2844,1,1
2025-11-17T15:00:54.607Z,2025-11-17T15:00:54.607Z,1,2845,1,1
2025-11-17T15:08:20.875Z,2025-12-23T22:15:29.513Z,2,2846,2,2
2025-11-17T15:18:02.289Z,2025-11-17T15:18:02.289Z,1,2847,1,1
2025-11-17T15:35:47.768Z,2025-11-17T15:35:47.768Z,1,2848,1,1
2025-11-17T15:53:56.783Z,2025-11-17T15:53:56.783Z,1,2849,1,1
2025-11-17T16:04:05.969Z,2025-11-17T16:04:05.969Z,1,2850,1,1
2025-11-17T17:05:46.262Z,2025-12-03T17:15:33.221Z,4,2851,1,4
2025-11-17T17:45:34.316Z,2025-12-12T20:33:33.759Z,2,2852,2,2
2025-11-17T18:00:03.431Z,2025-11-25T17:21:49.384Z,7,2853,1,2
2025-11-17T18:16:06.915Z,2025-11-17T18:16:06.915Z,1,2854,1,1
2025-11-17T18:52:28.055Z,2026-01-13T20:10:03.655Z,5,2855,1,4
2025-11-17T19:25:54.733Z,2026-01-09T15:50:42.963Z,27,2856,2,23
2025-11-17T21:05:22.947Z,2026-01-12T14:34:24.221Z,2,2857,2,2
2025-11-17T21:18:23.129Z,2025-11-17T21:18:23.129Z,1,2858,1,1
2025-11-17T21:25:59.247Z,2025-11-17T21:25:59.247Z,1,2859,1,1
2025-11-17T21:50:21.517Z,2025-11-27T19:20:39.972Z,4,2860,1,2
2025-11-17T22:52:57.530Z,2025-11-17T22:52:57.530Z,1,2861,1,1
2025-11-17T23:36:33.107Z,2025-11-17T23:36:33.107Z,1,2862,1,1
2025-11-17T23:47:46.668Z,2025-11-17T23:47:46.668Z,1,2863,1,1
2025-11-18T15:50:33.975Z,2025-11-18T15:50:33.975Z,1,2864,1,1
2025-11-18T18:04:44.764Z,2025-11-18T18:04:44.764Z,1,2865,1,1
2025-11-18T18:09:08.735Z,2026-01-19T13:54:52.701Z,15,2866,2,7
2025-11-18T20:16:40.789Z,2025-11-18T20:16:40.789Z,1,2867,1,1
2025-11-18T21:18:16.618Z,2025-11-18T21:18:16.618Z,1,2868,1,1
2025-11-18T21:32:52.902Z,2026-01-18T00:30:37.939Z,30,2869,2,23
2025-11-19T15:04:56.700Z,2026-01-16T17:20:51.156Z,70,2870,1,28
2025-11-19T15:48:15.363Z,2025-11-19T15:48:15.363Z,1,2871,1,1
2025-11-19T16:04:18.655Z,2025-11-19T16:04:18.655Z,1,2872,1,1
2025-11-19T17:34:31.965Z,2025-11-19T17:34:31.965Z,1,2873,1,1
2025-11-19T19:08:15.704Z,2026-01-15T20:59:26.609Z,8,2874,2,4
2026-01-08T13:46:33.455Z,2026-01-13T19:15:08.107Z,16,2875,1,4
2025-11-28T21:01:54.482Z,2025-12-04T12:11:08.018Z,3,2876,1,3
2025-11-26T20:33:04.061Z,2025-11-26T20:33:04.061Z,1,2877,1,1
2025-11-19T21:29:05.894Z,2025-12-05T18:20:27.375Z,4,2878,1,3
2025-11-19T22:31:29.303Z,2026-01-14T21:36:20.754Z,23,2879,2,17
2025-11-19T22:44:43.329Z,2025-12-19T22:36:36.497Z,45,2880,1,21
2025-11-19T22:58:47.379Z,2025-11-19T22:58:47.379Z,1,2881,1,1
2025-11-19T23:55:14.137Z,2026-01-09T19:12:54.627Z,64,2882,2,24
2025-11-20T01:06:13.216Z,2025-11-20T01:06:13.216Z,1,2883,1,1
2025-11-20T11:02:25.330Z,2025-11-20T11:02:25.330Z,1,2884,1,1
2025-11-20T13:37:16.778Z,2025-11-20T13:37:42.030Z,2,2885,1,1
2025-11-20T13:39:16.691Z,2026-01-16T20:29:23.272Z,9,2886,2,6
2025-11-20T14:22:00.158Z,2025-11-20T14:22:00.158Z,1,2887,1,1
2025-11-20T14:29:14.840Z,2026-01-08T14:22:51.087Z,12,2888,1,8
2025-11-20T16:22:00.325Z,2025-11-20T16:22:00.325Z,1,2889,1,1
2025-11-20T17:36:43.977Z,2026-01-19T14:18:43.462Z,70,2890,2,27
2025-11-20T17:50:50.188Z,2025-11-20T17:50:50.188Z,1,2891,1,1
2025-11-20T17:52:47.315Z,2025-11-20T17:52:47.315Z,1,2892,1,1
2025-11-20T20:08:20.904Z,2026-01-19T13:25:22.356Z,62,2893,3,30
2025-11-20T19:43:20.122Z,2025-11-25T17:01:47.843Z,2,2894,1,2
2025-11-20T19:51:49.424Z,2025-11-20T19:51:49.424Z,1,2895,1,1
2025-11-20T20:37:51.765Z,2026-01-19T12:59:27.645Z,352,2896,7,55
2025-11-20T20:47:06.154Z,2025-11-20T20:47:06.154Z,1,2897,1,1
2025-11-21T13:13:19.016Z,2025-11-21T13:13:19.016Z,1,2898,1,1
2025-11-21T14:07:04.396Z,2025-11-21T14:07:04.396Z,1,2899,1,1
2025-11-21T16:02:46.053Z,2025-11-28T21:41:03.367Z,5,2900,1,4
2025-11-21T16:27:36.728Z,2025-11-21T16:27:36.728Z,1,2901,1,1
2025-11-21T19:29:07.613Z,2026-01-16T23:04:18.202Z,62,2902,2,20
2025-11-21T20:38:41.512Z,2025-11-21T20:38:41.512Z,1,2903,1,1
2025-11-21T20:59:56.632Z,2026-01-19T13:20:12.805Z,65,2904,3,37
2025-11-22T13:34:08.664Z,2025-11-22T13:34:08.664Z,1,2905,1,1
2025-11-24T13:25:15.617Z,2025-11-24T13:25:15.617Z,1,2906,1,1
2025-11-24T13:27:56.146Z,2025-12-10T17:43:02.421Z,6,2907,3,2
2025-11-24T14:33:05.440Z,2025-11-24T14:33:05.440Z,1,2908,1,1
2025-11-24T16:35:10.911Z,2025-11-24T16:35:10.911Z,1,2909,1,1
2025-11-24T19:44:28.589Z,2025-12-10T22:21:00.295Z,3,2910,1,3
2025-11-24T21:09:15.465Z,2025-11-24T21:09:15.465Z,1,2911,1,1
2025-11-24T21:18:08.413Z,2025-11-24T21:18:08.413Z,1,2912,1,1
2025-11-24T22:02:11.694Z,2026-01-05T22:25:13.134Z,3,2913,2,3
2025-11-25T14:15:32.445Z,2025-11-25T14:15:32.445Z,1,2914,1,1
2025-11-25T15:10:47.466Z,2025-11-25T15:10:47.466Z,1,2915,1,1
2025-11-25T16:39:13.132Z,2025-11-25T16:39:13.132Z,1,2916,1,1
2025-11-25T20:23:04.261Z,2025-11-25T20:23:04.261Z,1,2917,1,1
2025-11-25T20:27:57.856Z,2026-01-19T14:19:34.580Z,51,2918,2,24
2025-11-25T20:37:27.887Z,2025-12-10T17:42:22.958Z,3,2919,1,3
2025-11-26T05:18:48.258Z,2025-11-26T05:18:48.258Z,1,2920,1,1
2025-11-26T06:56:10.293Z,2025-11-26T06:56:10.293Z,1,2921,1,1
2025-11-26T13:32:35.568Z,2025-11-26T13:32:35.568Z,1,2922,1,1
2025-11-26T14:13:08.856Z,2025-11-26T14:13:08.856Z,1,2923,1,1
2025-11-26T14:32:35.107Z,2025-11-26T14:32:35.107Z,1,2924,1,1
2025-11-26T14:58:00.904Z,2026-01-16T15:09:04.263Z,38,2925,2,13
2025-11-26T15:36:07.835Z,2025-11-26T15:36:07.835Z,1,2926,1,1
2025-11-26T15:36:52.165Z,2025-11-26T15:36:52.165Z,1,2927,1,1
2025-11-26T15:46:21.400Z,2025-11-26T15:46:21.400Z,1,2928,1,1
2025-11-26T16:54:12.332Z,2026-01-14T15:53:44.541Z,27,2929,1,14
2025-11-26T17:46:20.826Z,2025-11-26T17:46:20.826Z,1,2930,1,1
2025-11-26T17:54:26.743Z,2025-11-26T17:54:26.743Z,1,2931,1,1
2025-11-26T20:18:56.138Z,2025-11-26T20:18:56.138Z,1,2932,1,1
2025-11-26T21:02:19.598Z,2025-11-26T21:02:19.598Z,1,2933,1,1
2025-11-26T21:47:04.798Z,2026-01-19T14:00:08.634Z,45,2934,2,21
2025-11-26T22:24:17.789Z,2025-11-26T22:24:17.789Z,1,2935,1,1
2025-11-27T13:32:49.103Z,2025-11-27T13:32:49.103Z,1,2937,1,1
2025-11-27T15:01:40.561Z,2025-11-27T15:05:34.554Z,2,2938,2,1
2025-11-27T15:03:16.841Z,2025-11-28T20:37:44.041Z,26,2939,1,2
2025-11-27T20:01:33.480Z,2025-11-27T20:01:33.480Z,1,2940,1,1
2025-11-28T14:04:06.877Z,2025-12-30T15:36:40.484Z,3,2941,1,2
2025-11-28T14:40:09.803Z,2026-01-14T20:44:37.874Z,29,2942,2,13
2025-11-28T15:40:41.832Z,2025-11-28T15:40:41.832Z,1,2943,1,1
2025-11-28T16:05:40.700Z,2025-12-05T21:16:10.627Z,6,2944,1,4
2025-11-28T20:20:28.143Z,2025-12-30T13:46:08.889Z,4,2945,1,3
2025-11-28T20:26:27.832Z,2025-12-13T19:35:27.402Z,5,2946,1,5
2025-11-29T03:55:37.988Z,2025-11-29T03:55:37.988Z,1,2947,1,1
2025-11-29T23:58:27.889Z,2025-11-29T23:58:27.889Z,1,2948,1,1
2025-11-30T22:28:17.253Z,2025-11-30T22:28:17.253Z,1,2949,1,1
2025-11-30T23:56:25.155Z,2025-11-30T23:56:25.155Z,1,2950,1,1
2025-12-01T00:13:25.579Z,2026-01-19T13:42:44.330Z,23,2951,2,17
2025-12-01T01:56:27.754Z,2025-12-01T01:56:27.754Z,1,2952,1,1
2025-12-01T02:36:24.175Z,2025-12-01T14:38:21.011Z,2,2953,1,1
2025-12-01T14:49:47.908Z,2026-01-05T14:52:11.052Z,14,2954,2,3
2025-12-01T15:19:55.795Z,2026-01-17T19:48:00.129Z,39,2955,2,17
2025-12-01T15:53:55.954Z,2026-01-15T20:32:42.307Z,27,2957,2,13
2025-12-01T18:39:19.669Z,2025-12-16T00:41:21.117Z,24,2958,4,9
2025-12-01T20:02:12.529Z,2026-01-15T15:06:16.025Z,7,2959,1,5
2025-12-01T22:13:01.416Z,2025-12-26T04:11:11.584Z,6,2960,2,5
2025-12-01T23:04:24.799Z,2025-12-04T23:40:23.556Z,4,2961,1,3
2025-12-01T23:47:07.785Z,2025-12-01T23:53:22.823Z,2,2962,1,1
2025-12-02T01:27:29.555Z,2025-12-02T01:27:29.555Z,1,2963,1,1
2025-12-02T13:34:44.154Z,2026-01-07T20:55:15.448Z,8,2968,1,8
2025-12-02T14:40:55.920Z,2025-12-12T21:25:12.128Z,10,2970,2,3
2025-12-02T14:59:46.252Z,2026-01-16T19:28:09.025Z,38,2971,2,20
2025-12-02T16:09:19.584Z,2025-12-08T16:05:33.884Z,2,2973,2,2
2025-12-02T16:57:33.305Z,2025-12-12T20:52:48.940Z,5,2974,1,4
2025-12-02T17:29:55.140Z,2025-12-02T17:29:55.140Z,1,2976,1,1
2025-12-02T19:10:51.710Z,2026-01-07T17:10:07.833Z,58,2977,2,11
2025-12-02T21:06:27.731Z,2025-12-02T21:06:27.731Z,1,2979,1,1
2025-12-03T03:04:14.223Z,2026-01-14T17:37:55.109Z,5,2980,1,5
2025-12-02T23:18:55.338Z,2025-12-10T18:01:54.221Z,15,2983,2,5
2025-12-03T06:03:17.797Z,2026-01-15T15:44:35.754Z,158,2985,2,41
2025-12-03T13:50:08.739Z,2026-01-19T00:34:13.897Z,9,2987,1,9
2025-12-03T14:47:55.931Z,2025-12-03T14:48:44.012Z,2,2988,1,1
2025-12-03T15:04:49.532Z,2025-12-24T14:34:29.897Z,3,2989,1,2
2025-12-03T19:07:14.100Z,2025-12-03T19:07:14.100Z,1,2990,1,1
2025-12-03T20:33:56.611Z,2025-12-03T20:33:56.611Z,1,2991,1,1
2025-12-04T13:27:02.385Z,2025-12-04T13:27:02.385Z,1,2992,1,1
2025-12-04T14:43:37.413Z,2025-12-04T14:43:37.413Z,1,2993,1,1
2025-12-04T14:53:09.973Z,2025-12-04T17:18:49.917Z,2,2994,2,1
2025-12-04T17:25:17.005Z,2025-12-12T18:37:20.328Z,8,2995,2,4
2025-12-04T17:32:38.187Z,2025-12-04T17:32:38.187Z,1,2996,1,1
2025-12-04T17:33:59.161Z,2025-12-04T17:33:59.161Z,1,2997,1,1
2025-12-04T20:19:34.361Z,2026-01-12T13:56:40.482Z,9,2998,2,8
2025-12-05T18:55:47.957Z,2025-12-29T13:57:49.641Z,11,2999,1,6
2025-12-04T20:54:29.374Z,2025-12-11T17:29:07.223Z,12,3000,2,4
2025-12-05T14:40:32.510Z,2025-12-05T14:40:32.510Z,1,3002,1,1
2025-12-05T16:45:00.643Z,2025-12-05T16:45:00.643Z,1,3003,1,1
2025-12-05T17:49:29.438Z,2025-12-10T18:02:23.953Z,12,3004,1,3
2025-12-05T19:45:47.098Z,2025-12-05T19:45:47.098Z,1,3005,1,1
2025-12-05T21:36:39.805Z,2026-01-16T20:12:39.051Z,107,3006,3,32
2025-12-05T21:53:06.509Z,2025-12-23T20:11:27.108Z,11,3007,2,7
2025-12-06T04:49:22.080Z,2025-12-06T04:49:22.080Z,1,3008,1,1
2025-12-08T21:39:41.508Z,2025-12-08T21:39:41.508Z,1,3009,1,1
2025-12-09T04:18:23.213Z,2025-12-09T04:18:23.213Z,1,3010,1,1
2025-12-09T16:05:41.782Z,2026-01-17T21:43:21.688Z,40,3011,1,23
2025-12-09T17:16:31.122Z,2025-12-12T15:09:16.810Z,34,3012,4,3
2025-12-09T17:39:07.658Z,2025-12-09T17:39:07.658Z,1,3013,1,1
2025-12-09T17:45:09.603Z,2025-12-09T17:45:09.603Z,1,3014,1,1
2025-12-09T20:35:21.261Z,2025-12-17T16:32:21.565Z,18,3015,2,6
2025-12-09T21:09:07.389Z,2025-12-15T20:04:20.939Z,14,3016,2,3
2025-12-09T21:22:36.182Z,2025-12-09T21:22:36.182Z,1,3018,1,1
2025-12-09T21:27:29.769Z,2025-12-09T21:27:29.769Z,1,3019,1,1
2025-12-09T21:41:41.103Z,2025-12-09T21:41:41.103Z,1,3020,1,1
2025-12-09T21:51:18.156Z,2025-12-09T21:51:18.156Z,1,3021,1,1
2025-12-09T22:01:35.241Z,2025-12-09T22:01:35.241Z,1,3022,1,1
2025-12-09T22:01:40.809Z,2025-12-09T22:01:40.809Z,1,3023,1,1
2025-12-09T22:17:08.537Z,2025-12-09T22:17:08.537Z,1,3024,1,1
2025-12-09T22:18:49.546Z,2025-12-09T22:18:49.546Z,1,3025,1,1
2025-12-09T22:34:50.983Z,2025-12-09T22:34:50.983Z,1,3026,1,1
2025-12-09T22:41:26.390Z,2025-12-09T22:41:26.390Z,1,3027,1,1
2025-12-09T22:50:44.717Z,2025-12-09T22:50:44.717Z,1,3028,1,1
2025-12-09T22:51:24.226Z,2025-12-09T22:51:24.226Z,1,3029,1,1
2025-12-10T00:07:37.532Z,2025-12-10T16:52:16.124Z,2,3030,1,1
2025-12-10T00:30:47.324Z,2025-12-18T16:00:46.152Z,2,3031,1,2
2025-12-10T00:38:03.885Z,2025-12-10T00:38:03.885Z,1,3032,1,1
2025-12-10T01:17:22.370Z,2025-12-10T01:36:59.660Z,2,3033,1,1
2025-12-10T13:42:13.668Z,2025-12-12T21:20:14.885Z,8,3034,2,3
2025-12-10T14:10:19.270Z,2025-12-10T14:10:19.270Z,1,3035,1,1
2025-12-10T14:58:44.904Z,2025-12-10T14:58:44.904Z,1,3036,1,1
2025-12-10T17:07:23.445Z,2025-12-10T17:07:23.445Z,1,3037,1,1
2025-12-10T17:45:36.501Z,2025-12-18T15:08:44.096Z,5,3038,1,3
2025-12-10T18:00:14.795Z,2026-01-16T18:56:14.659Z,5,3039,1,3
2025-12-10T19:26:28.248Z,2025-12-15T17:24:58.562Z,3,3040,1,3
2025-12-10T20:26:48.061Z,2025-12-10T20:26:48.061Z,1,3041,1,1
2025-12-10T23:29:35.996Z,2025-12-10T23:29:35.996Z,1,3043,1,1
2025-12-11T15:12:49.507Z,2025-12-11T15:12:49.507Z,1,3044,1,1
2025-12-11T15:23:51.667Z,2025-12-11T15:45:16.310Z,2,3045,1,1
2025-12-11T16:23:50.330Z,2025-12-11T16:23:50.330Z,1,3046,1,1
2025-12-11T19:42:36.390Z,2026-01-06T03:41:11.750Z,21,3047,1,9
2025-12-11T20:56:24.551Z,2025-12-12T17:54:30.455Z,2,3048,1,2
2025-12-12T13:18:18.200Z,2025-12-12T13:18:18.200Z,1,3049,1,1
2025-12-12T15:12:46.202Z,2025-12-12T15:12:46.202Z,1,3050,1,1
2025-12-12T15:28:24.904Z,2026-01-13T17:01:36.820Z,5,3051,1,4
2025-12-12T18:37:44.158Z,2025-12-23T16:02:16.345Z,3,3052,1,3
2025-12-12T18:42:58.888Z,2025-12-12T18:42:58.888Z,1,3053,1,1
2025-12-12T19:01:59.827Z,2025-12-12T19:01:59.827Z,1,3054,1,1
2025-12-12T19:06:04.505Z,2025-12-30T14:46:15.205Z,7,3055,1,5
2025-12-12T19:40:20.956Z,2025-12-12T21:47:11.240Z,3,3056,1,1
2025-12-12T20:59:21.538Z,2025-12-12T20:59:21.538Z,1,3057,1,1
2025-12-12T21:58:39.437Z,2025-12-22T14:01:00.524Z,7,3058,1,4
2025-12-12T22:04:47.061Z,2026-01-18T22:22:40.424Z,11,3059,1,6
2025-12-12T22:08:59.539Z,2026-01-07T16:02:25.813Z,3,3060,1,3
2025-12-12T22:40:48.767Z,2026-01-09T13:42:57.331Z,5,3061,1,5
2025-12-12T23:01:33.218Z,2025-12-12T23:01:33.218Z,1,3062,1,1
2025-12-13T00:24:00.639Z,2025-12-13T00:24:00.639Z,1,3063,1,1
2025-12-13T16:35:38.285Z,2025-12-13T16:35:38.285Z,1,3064,1,1
2025-12-15T13:00:21.429Z,2025-12-15T13:00:21.429Z,1,3065,1,1
2025-12-15T14:16:16.945Z,2025-12-15T14:16:16.945Z,1,3066,1,1
2025-12-15T15:08:15.307Z,2025-12-15T15:08:15.307Z,1,3067,1,1
2025-12-15T15:11:13.532Z,2025-12-15T20:15:56.564Z,3,3068,1,1
2025-12-15T15:12:52.020Z,2025-12-15T15:12:52.020Z,1,3069,1,1
2025-12-15T15:19:12.891Z,2026-01-16T18:52:20.264Z,10,3070,1,5
2025-12-15T15:27:56.303Z,2025-12-15T15:27:56.303Z,1,3071,1,1
2025-12-15T16:17:19.730Z,2025-12-24T13:37:38.367Z,12,3072,2,8
2025-12-15T20:26:22.446Z,2025-12-30T16:12:22.208Z,22,3073,1,5
2025-12-15T19:14:59.373Z,2025-12-17T19:45:16.896Z,3,3074,1,2
2025-12-15T19:39:44.789Z,2025-12-15T19:39:44.789Z,1,3075,1,1
2025-12-15T19:48:39.504Z,2026-01-15T17:37:31.356Z,22,3076,1,8
2025-12-15T20:02:22.524Z,2025-12-15T20:02:22.524Z,1,3077,1,1
2025-12-15T20:57:13.070Z,2025-12-17T17:44:08.040Z,5,3078,1,3
2025-12-15T21:42:55.057Z,2025-12-15T21:42:55.057Z,1,3079,1,1
2025-12-16T00:42:27.201Z,2025-12-17T16:34:50.691Z,4,3080,1,2
2025-12-16T00:49:38.102Z,2026-01-08T12:50:42.097Z,3,3081,1,3
2025-12-16T03:02:39.455Z,2026-01-16T13:31:01.038Z,8,3082,1,6
2025-12-16T13:50:50.626Z,2025-12-22T14:30:57.550Z,7,3083,1,4
2025-12-16T15:11:04.567Z,2026-01-16T14:46:07.911Z,4,3084,1,4
2025-12-16T15:26:17.440Z,2025-12-16T15:26:17.440Z,1,3085,1,1
2025-12-16T16:32:57.042Z,2025-12-16T16:32:57.042Z,1,3086,1,1
2025-12-16T16:42:09.791Z,2026-01-05T21:29:53.410Z,6,3087,1,4
2025-12-16T18:24:29.744Z,2025-12-17T16:58:26.999Z,5,3088,1,2
2025-12-17T03:53:24.517Z,2025-12-19T02:39:30.211Z,2,3089,1,2
2025-12-17T13:44:43.418Z,2026-01-08T21:48:40.951Z,3,3090,1,3
2025-12-17T14:12:53.530Z,2025-12-17T21:59:42.584Z,4,3091,1,1
2025-12-17T15:06:15.890Z,2025-12-17T15:06:15.890Z,1,3092,1,1
2025-12-17T15:07:51.246Z,2026-01-05T21:43:32.668Z,2,3093,1,2
2025-12-17T16:22:08.722Z,2025-12-17T16:22:08.722Z,1,3094,1,1
2025-12-17T17:05:53.853Z,2025-12-17T17:05:53.853Z,1,3096,1,1
2025-12-17T21:02:12.415Z,2026-01-14T17:56:29.643Z,2,3097,1,2
2025-12-17T21:23:46.961Z,2025-12-17T21:23:46.961Z,1,3098,1,1
2025-12-17T22:03:41.310Z,2025-12-17T22:03:41.310Z,1,3099,1,1
2025-12-18T19:49:19.954Z,2026-01-05T13:06:24.207Z,7,3100,1,6
2025-12-18T00:22:38.828Z,2025-12-18T00:22:38.828Z,1,3101,1,1
2025-12-18T14:07:46.934Z,2025-12-18T14:07:46.934Z,1,3102,1,1
2025-12-18T17:51:56.040Z,2025-12-19T19:28:10.575Z,3,3103,1,2
2025-12-18T18:24:45.523Z,2025-12-18T18:24:45.523Z,1,3104,1,1
2025-12-18T18:51:09.666Z,2025-12-18T18:51:09.666Z,1,3105,1,1
2025-12-18T19:11:35.180Z,2025-12-18T19:11:35.180Z,1,3106,1,1
2025-12-18T19:29:13.896Z,2025-12-18T19:29:13.896Z,1,3107,1,1
2025-12-18T20:48:39.478Z,2025-12-18T20:48:39.478Z,1,3109,1,1
2025-12-18T21:43:32.191Z,2025-12-18T21:43:32.191Z,1,3110,1,1
2025-12-19T00:44:21.026Z,2025-12-19T00:44:21.026Z,1,3111,1,1
2025-12-19T02:23:45.826Z,2026-01-16T04:43:57.056Z,4,3112,1,3
2025-12-19T14:13:52.419Z,2026-01-18T23:46:06.918Z,6,3113,2,4
2025-12-19T15:53:48.853Z,2025-12-19T15:53:48.853Z,1,3114,1,1
2025-12-19T16:09:36.272Z,2025-12-19T16:09:36.272Z,1,3115,1,1
2025-12-19T17:31:18.137Z,2026-01-08T13:27:49.162Z,3,3116,1,2
2025-12-19T18:37:38.821Z,2025-12-22T20:51:09.970Z,11,3117,1,2
2025-12-19T18:58:59.024Z,2025-12-19T18:58:59.024Z,1,3118,1,1
2025-12-23T14:48:25.458Z,2026-01-06T23:22:22.444Z,26,3119,2,7
2025-12-19T23:07:51.637Z,2025-12-19T23:07:51.637Z,1,3120,1,1
2025-12-20T04:26:14.994Z,2025-12-20T04:26:14.994Z,1,3121,1,1
2025-12-21T20:22:26.171Z,2025-12-21T20:22:26.171Z,1,3122,1,1
2025-12-22T16:18:32.868Z,2025-12-26T03:56:33.378Z,2,3123,2,2
2025-12-22T16:38:19.939Z,2025-12-22T16:38:19.939Z,1,3124,1,1
2025-12-22T17:22:15.335Z,2025-12-24T15:28:49.716Z,7,3125,4,3
2025-12-22T18:03:24.794Z,2025-12-22T18:03:24.794Z,1,3126,1,1
2025-12-22T18:21:41.465Z,2025-12-22T18:22:19.326Z,2,3127,1,1
2025-12-22T19:55:15.753Z,2026-01-16T18:09:52.548Z,34,3128,3,13
2025-12-22T21:41:17.052Z,2025-12-30T15:17:20.690Z,3,3129,1,2
2025-12-22T21:16:33.247Z,2025-12-22T21:16:33.247Z,1,3130,1,1
2025-12-23T04:19:51.911Z,2025-12-23T04:19:51.911Z,1,3131,1,1
2025-12-23T15:25:24.559Z,2026-01-17T16:37:01.634Z,21,3132,1,11
2025-12-23T16:58:52.092Z,2025-12-23T16:58:52.092Z,1,3133,1,1
2025-12-23T20:52:08.936Z,2025-12-23T20:52:08.936Z,1,3134,1,1
2025-12-23T21:00:34.919Z,2025-12-23T21:00:34.919Z,1,3135,1,1
2025-12-23T21:07:52.914Z,2026-01-13T20:42:32.604Z,7,3136,2,4
2025-12-23T21:39:24.686Z,2025-12-23T21:39:24.686Z,1,3137,1,1
2025-12-23T21:56:44.899Z,2025-12-23T21:56:44.899Z,1,3138,1,1
2025-12-23T23:00:19.691Z,2025-12-26T18:55:35.149Z,2,3139,1,2
2025-12-24T01:18:41.427Z,2025-12-24T01:18:41.427Z,1,3140,1,1
2025-12-24T02:41:57.676Z,2025-12-24T02:41:57.676Z,1,3141,1,1
2025-12-24T15:44:37.648Z,2026-01-18T14:06:37.698Z,45,3142,2,13
2025-12-24T16:22:14.827Z,2025-12-24T16:22:14.827Z,1,3143,1,1
2025-12-24T18:37:52.174Z,2025-12-24T18:37:52.174Z,1,3144,1,1
2025-12-24T22:48:48.301Z,2025-12-24T22:48:48.301Z,1,3145,1,1
2025-12-26T03:38:52.870Z,2025-12-26T03:38:52.870Z,1,3146,1,1
2025-12-26T15:30:09.599Z,2025-12-26T15:30:09.599Z,1,3147,1,1
2025-12-26T20:33:37.992Z,2025-12-26T20:33:37.992Z,1,3148,1,1
2025-12-26T21:50:10.120Z,2025-12-26T21:50:10.120Z,1,3149,1,1
2025-12-26T21:54:29.317Z,2026-01-15T18:18:00.889Z,19,3150,2,10
2025-12-27T02:20:08.245Z,2025-12-27T02:20:08.245Z,1,3151,1,1
2025-12-28T11:34:12.272Z,2025-12-28T12:21:03.453Z,2,3152,1,1
2025-12-29T02:42:08.446Z,2026-01-16T02:46:08.890Z,5,3154,1,4
2025-12-29T13:46:39.473Z,2026-01-15T15:54:03.647Z,3,3155,1,3
2025-12-29T14:41:40.930Z,2025-12-29T14:41:40.930Z,1,3156,1,1
2025-12-29T14:45:26.257Z,2026-01-19T13:39:42.656Z,13,3157,2,8
2025-12-29T17:15:14.719Z,2025-12-29T17:15:14.719Z,1,3158,1,1
2025-12-29T18:44:53.115Z,2025-12-29T19:33:11.494Z,2,3159,2,1
2025-12-29T18:59:26.475Z,2025-12-29T18:59:26.475Z,1,3160,1,1
2025-12-29T20:34:26.848Z,2025-12-29T21:05:59.320Z,4,3161,3,1
2025-12-29T21:06:35.998Z,2025-12-29T21:06:35.998Z,1,3162,1,1
2025-12-30T13:35:06.659Z,2025-12-30T13:35:06.659Z,1,3163,1,1
2025-12-30T13:42:13.215Z,2026-01-13T14:13:05.421Z,2,3164,1,2
2025-12-30T13:46:46.519Z,2025-12-30T13:46:46.519Z,1,3165,1,1
2025-12-30T14:51:20.303Z,2025-12-30T14:51:20.303Z,1,3166,1,1
2025-12-30T15:42:14.555Z,2025-12-30T15:42:14.555Z,1,3167,1,1
2025-12-30T16:28:34.781Z,2025-12-30T16:28:34.781Z,1,3168,1,1
2025-12-30T18:26:31.638Z,2025-12-30T18:26:31.638Z,1,3169,1,1
2025-12-30T21:36:02.277Z,2025-12-30T21:36:02.277Z,1,3170,1,1
2025-12-30T22:51:33.135Z,2026-01-15T21:38:47.232Z,14,3171,1,6
2025-12-30T23:34:14.094Z,2025-12-30T23:34:14.094Z,1,3172,1,1
2025-12-31T01:34:05.738Z,2026-01-07T05:39:06.213Z,2,3173,1,2
2025-12-31T12:47:14.148Z,2026-01-19T11:44:19.537Z,24,3174,1,16
2025-12-31T14:58:29.168Z,2025-12-31T14:58:29.168Z,1,3175,1,1
2025-12-31T16:43:39.591Z,2025-12-31T16:43:39.591Z,1,3176,1,1
2025-12-31T16:57:34.672Z,2026-01-06T21:29:37.486Z,2,3177,1,2
2025-12-31T17:04:18.356Z,2025-12-31T17:04:18.356Z,1,3178,1,1
2025-12-31T17:11:49.472Z,2025-12-31T17:11:49.472Z,1,3179,1,1
2026-01-02T10:53:30.885Z,2026-01-02T10:53:30.885Z,1,3180,1,1
2026-01-03T16:38:05.242Z,2026-01-09T17:27:04.723Z,13,3181,2,6
2026-01-03T17:28:19.816Z,2026-01-03T17:28:19.816Z,1,3182,1,1
2026-01-04T00:29:00.315Z,2026-01-04T00:29:00.315Z,1,3183,1,1
2026-01-04T04:30:46.595Z,2026-01-04T04:30:46.595Z,1,3184,1,1
2026-01-04T09:41:35.580Z,2026-01-04T09:41:35.580Z,1,3185,1,1
2026-01-04T09:43:48.487Z,2026-01-04T09:43:48.487Z,1,3186,1,1
2026-01-04T21:49:53.154Z,2026-01-04T21:49:53.154Z,1,3187,1,1
2026-01-05T13:29:21.390Z,2026-01-16T23:33:20.010Z,25,3188,1,9
2026-01-05T14:18:54.837Z,2026-01-05T14:18:54.837Z,1,3189,1,1
2026-01-05T16:03:29.677Z,2026-01-05T16:03:29.677Z,1,3190,1,1
2026-01-05T16:13:48.396Z,2026-01-05T16:13:48.396Z,1,3191,1,1
2026-01-05T17:25:18.863Z,2026-01-05T17:25:18.863Z,1,3192,1,1
2026-01-05T17:41:14.544Z,2026-01-05T17:41:14.544Z,1,3193,1,1
2026-01-05T17:42:00.183Z,2026-01-05T17:42:00.183Z,1,3194,1,1
2026-01-05T17:44:38.203Z,2026-01-05T17:44:38.203Z,1,3195,1,1
2026-01-05T18:44:25.341Z,2026-01-05T18:44:25.341Z,1,3196,1,1
2026-01-05T18:50:10.111Z,2026-01-05T18:50:10.111Z,1,3197,1,1
2026-01-05T18:58:22.884Z,2026-01-05T18:58:22.884Z,1,3198,1,1
2026-01-05T20:46:08.814Z,2026-01-05T20:46:08.814Z,1,3199,1,1
2026-01-05T21:03:36.998Z,2026-01-05T21:03:36.998Z,1,3200,1,1
2026-01-05T21:31:42.912Z,2026-01-06T14:17:16.387Z,6,3201,1,2
2026-01-05T21:55:45.583Z,2026-01-05T21:55:45.583Z,1,3202,1,1
2026-01-05T23:20:34.710Z,2026-01-05T23:20:34.710Z,1,3203,1,1
2026-01-06T13:29:52.699Z,2026-01-14T20:55:36.013Z,10,3204,2,6
2026-01-06T14:17:51.576Z,2026-01-16T15:23:05.330Z,22,3205,1,9
2026-01-06T17:25:25.553Z,2026-01-06T17:25:25.553Z,1,3206,1,1
2026-01-06T17:28:22.764Z,2026-01-06T17:28:22.764Z,1,3207,1,1
2026-01-06T20:23:28.018Z,2026-01-06T20:56:27.280Z,2,3208,1,1
2026-01-06T20:50:05.070Z,2026-01-06T20:50:05.070Z,1,3209,1,1
2026-01-06T21:21:22.790Z,2026-01-06T21:21:22.790Z,1,3210,1,1
2026-01-06T22:31:12.287Z,2026-01-12T18:08:14.232Z,2,3211,1,2
2026-01-07T13:10:04.263Z,2026-01-07T13:10:04.263Z,1,3212,1,1
2026-01-07T14:08:43.196Z,2026-01-07T14:08:43.196Z,1,3213,1,1
2026-01-07T14:14:51.335Z,2026-01-07T14:14:51.335Z,1,3214,1,1
2026-01-07T15:15:11.831Z,2026-01-08T14:39:41.808Z,4,3215,2,2
2026-01-07T15:19:34.233Z,2026-01-07T15:19:34.233Z,1,3216,1,1
2026-01-07T15:22:15.543Z,2026-01-07T15:22:15.543Z,1,3217,1,1
2026-01-07T15:26:01.182Z,2026-01-07T15:26:01.182Z,1,3219,1,1
2026-01-07T15:52:27.951Z,2026-01-07T15:52:27.951Z,1,3220,1,1
2026-01-07T16:02:12.761Z,2026-01-07T16:02:12.761Z,1,3221,1,1
2026-01-07T21:11:11.163Z,2026-01-08T18:44:10.189Z,2,3222,1,2
2026-01-07T16:34:09.173Z,2026-01-08T13:54:23.307Z,2,3223,1,2
2026-01-07T17:52:55.145Z,2026-01-07T17:52:55.145Z,1,3224,1,1
2026-01-07T21:55:09.657Z,2026-01-08T13:30:39.225Z,4,3228,1,2
2026-01-07T23:24:35.680Z,2026-01-07T23:24:35.680Z,1,3229,1,1
2026-01-08T01:12:35.235Z,2026-01-08T13:47:59.110Z,3,3230,1,1
2026-01-08T07:51:29.068Z,2026-01-08T07:54:07.581Z,2,3232,1,1
2026-01-08T10:38:54.506Z,2026-01-08T10:38:54.506Z,1,3234,1,1
2026-01-08T14:15:37.910Z,2026-01-08T14:15:37.910Z,1,3235,1,1
2026-01-08T15:50:10.806Z,2026-01-08T15:50:10.806Z,1,3236,1,1
2026-01-08T17:28:29.934Z,2026-01-08T17:28:29.934Z,1,3237,1,1
2026-01-08T17:50:20.974Z,2026-01-08T17:50:20.974Z,1,3238,1,1
2026-01-08T18:04:53.803Z,2026-01-16T19:33:57.445Z,4,3239,1,4
2026-01-08T20:09:46.995Z,2026-01-08T20:34:39.717Z,3,3240,2,1
2026-01-08T20:12:18.672Z,2026-01-08T20:12:18.672Z,1,3241,1,1
2026-01-08T20:30:06.613Z,2026-01-15T19:34:42.206Z,2,3243,1,2
2026-01-08T20:40:29.276Z,2026-01-08T20:40:29.276Z,1,3244,1,1
2026-01-08T21:04:25.408Z,2026-01-08T21:04:25.408Z,1,3245,1,1
2026-01-08T21:18:16.987Z,2026-01-08T21:18:16.987Z,1,3246,1,1
2026-01-08T21:27:25.068Z,2026-01-08T21:27:25.068Z,1,3248,1,1
2026-01-08T21:46:20.529Z,2026-01-08T21:46:20.529Z,1,3249,1,1
2026-01-08T23:06:26.363Z,2026-01-08T23:06:26.363Z,1,3250,1,1
2026-01-08T23:11:41.218Z,2026-01-19T13:58:25.956Z,15,3251,1,8
2026-01-09T15:09:43.170Z,2026-01-09T15:09:43.170Z,1,3252,1,1
2026-01-09T15:26:31.916Z,2026-01-09T15:26:31.916Z,1,3253,1,1
2026-01-09T16:18:48.640Z,2026-01-14T22:26:41.458Z,3,3256,1,3
2026-01-09T16:49:06.489Z,2026-01-09T16:49:06.489Z,1,3259,1,1
2026-01-09T17:00:58.117Z,2026-01-16T18:02:46.875Z,43,3260,2,6
2026-01-09T17:37:51.660Z,2026-01-16T22:00:52.329Z,20,3261,2,8
2026-01-12T13:23:29.835Z,2026-01-18T21:18:42.973Z,15,3262,1,6
2026-01-10T00:38:48.517Z,2026-01-10T00:38:48.517Z,1,3263,1,1
2026-01-10T01:28:11.327Z,2026-01-10T01:28:11.327Z,1,3264,1,1
2026-01-10T04:45:49.825Z,2026-01-17T02:50:19.185Z,4,3265,1,3
2026-01-10T23:16:18.170Z,2026-01-10T23:16:18.170Z,1,3266,1,1
2026-01-11T16:57:02.513Z,2026-01-11T16:57:02.513Z,1,3267,1,1
2026-01-12T19:39:42.810Z,2026-01-12T19:39:42.810Z,1,3268,1,1
2026-01-13T14:57:25.356Z,2026-01-13T15:00:06.015Z,2,3269,1,1
2026-01-12T23:14:17.997Z,2026-01-14T17:48:47.803Z,2,3270,1,2
2026-01-12T23:42:59.453Z,2026-01-12T23:42:59.453Z,1,3271,1,1
2026-01-13T02:13:02.507Z,2026-01-13T02:13:02.507Z,1,3272,1,1
2026-01-13T12:56:32.470Z,2026-01-13T18:00:59.513Z,2,3273,1,1
2026-01-13T14:27:31.035Z,2026-01-13T14:27:31.035Z,1,3274,1,1
2026-01-13T16:56:51.686Z,2026-01-13T16:56:51.686Z,1,3275,1,1
2026-01-13T17:07:36.838Z,2026-01-16T14:40:55.912Z,2,3276,1,2
2026-01-13T23:35:19.401Z,2026-01-13T23:35:19.401Z,1,3277,1,1
2026-01-13T23:44:17.860Z,2026-01-13T23:44:17.860Z,1,3278,1,1
2026-01-14T01:57:37.054Z,2026-01-15T20:13:54.951Z,4,3279,1,2
2026-01-14T13:23:43.805Z,2026-01-15T05:38:43.971Z,3,3280,1,2
2026-01-14T13:50:09.520Z,2026-01-14T13:50:09.520Z,1,3281,1,1
2026-01-14T17:35:24.563Z,2026-01-14T17:35:24.563Z,1,3282,1,1
2026-01-15T13:20:07.882Z,2026-01-18T20:23:07.714Z,6,3283,1,3
2026-01-14T19:20:06.512Z,2026-01-14T19:20:06.512Z,1,3284,1,1
2026-01-15T14:49:46.420Z,2026-01-19T13:23:55.160Z,11,3285,1,3
2026-01-14T20:00:57.976Z,2026-01-14T20:00:57.976Z,1,3286,1,1
2026-01-14T20:32:56.259Z,2026-01-16T14:42:03.446Z,3,3287,1,3
2026-01-15T13:33:48.096Z,2026-01-15T13:33:48.096Z,1,3288,1,1
2026-01-15T00:36:52.928Z,2026-01-16T21:41:33.960Z,3,3289,1,2
2026-01-15T02:58:04.905Z,2026-01-15T02:59:28.019Z,2,3290,1,1
2026-01-15T04:12:02.970Z,2026-01-15T05:31:41.797Z,2,3291,1,1
2026-01-15T15:10:59.036Z,2026-01-19T13:25:20.217Z,8,3292,1,4
2026-01-15T16:06:08.708Z,2026-01-15T16:06:08.708Z,1,3293,1,1
2026-01-15T16:10:56.325Z,2026-01-15T18:33:38.292Z,2,3294,1,1
2026-01-15T17:18:43.836Z,2026-01-15T17:18:43.836Z,1,3295,1,1
2026-01-15T18:43:14.096Z,2026-01-15T18:43:14.096Z,1,3296,1,1
2026-01-15T18:57:24.761Z,2026-01-15T18:57:24.761Z,1,3297,1,1
2026-01-15T21:42:09.462Z,2026-01-15T21:42:09.462Z,1,3298,1,1
2026-01-16T00:26:18.792Z,2026-01-19T14:09:47.540Z,9,3300,1,3
2026-01-16T00:26:30.336Z,2026-01-16T21:42:36.113Z,2,3301,1,1
2026-01-16T23:28:44.041Z,2026-01-16T23:28:44.041Z,1,3302,1,1
2026-01-16T09:29:14.974Z,2026-01-16T09:29:14.974Z,1,3303,1,1
2026-01-16T13:09:04.840Z,2026-01-16T13:09:04.840Z,1,3304,1,1
2026-01-16T13:12:59.700Z,2026-01-16T13:12:59.700Z,1,3305,1,1
2026-01-16T15:48:36.443Z,2026-01-18T21:30:25.299Z,19,3306,10,3
2026-01-16T13:56:39.815Z,2026-01-16T21:35:48.560Z,4,3307,1,1
2026-01-16T15:14:36.247Z,2026-01-16T19:15:21.209Z,7,3308,3,1
2026-01-16T16:25:18.266Z,2026-01-16T16:25:18.266Z,1,3309,1,1
2026-01-16T16:48:41.876Z,2026-01-16T16:48:41.876Z,1,3310,1,1
2026-01-16T19:00:27.008Z,2026-01-16T19:22:06.029Z,2,3311,1,1
2026-01-16T19:44:54.745Z,2026-01-17T15:42:53.139Z,4,3312,3,2
2026-01-16T19:48:56.715Z,2026-01-16T19:48:56.715Z,1,3313,1,1
2026-01-16T21:05:19.212Z,2026-01-16T21:05:19.212Z,1,3314,1,1
2026-01-16T21:36:56.271Z,2026-01-16T21:36:56.271Z,1,3315,1,1
2026-01-16T21:58:02.950Z,2026-01-16T22:08:29.659Z,3,3316,1,1
2026-01-16T21:58:02.480Z,2026-01-16T21:58:02.480Z,1,3317,1,1
2026-01-16T22:02:58.214Z,2026-01-16T22:02:58.214Z,1,3318,1,1
2026-01-16T22:11:14.534Z,2026-01-16T22:11:14.534Z,1,3319,1,1
2026-01-16T22:35:49.288Z,2026-01-19T14:11:00.873Z,4,3320,1,2
2026-01-17T03:45:24.845Z,2026-01-17T03:45:24.845Z,1,3321,1,1
2026-01-17T21:24:14.227Z,2026-01-18T01:21:10.873Z,4,3322,2,2
