company_name,total_executions,completed,waiting,crashed,first_execution,last_execution,company_id,skill_count
Banco Guayaquil,6099301,5162028,653354,3743,2025-11-15T05:00:00.000Z,2026-01-18T05:00:00.000Z,155,306
BdP,3526577,2776242,663553,10567,2025-11-15T05:00:00.000Z,2026-01-18T05:00:00.000Z,11,132
Netlife,3286506,3022193,60492,1475,2025-11-15T05:00:00.000Z,2026-01-18T05:00:00.000Z,147,152
Interagua GEA,1661720,1505307,153488,539,2025-11-15T05:00:00.000Z,2026-01-18T05:00:00.000Z,85,97
Banco Internacional,1619494,1441853,172875,463,2025-11-15T05:00:00.000Z,2026-01-18T05:00:00.000Z,424,129
Deprati,896482,753435,132689,520,2025-11-15T05:00:00.000Z,2026-01-18T05:00:00.000Z,150,79
Security Data,693916,574417,118818,669,2025-11-15T05:00:00.000Z,2026-01-18T05:00:00.000Z,123,73
XTRIM,687164,678486,4739,230,2025-11-15T05:00:00.000Z,2026-01-18T05:00:00.000Z,1696,44
Falabella,649927,552085,85214,2783,2025-11-15T05:00:00.000Z,2026-01-18T05:00:00.000Z,2276,56
BCP Cobranza,530807,416211,111521,321,2025-11-15T05:00:00.000Z,2026-01-18T05:00:00.000Z,1974,63
Veris,458605,428141,24753,187,2025-11-15T05:00:00.000Z,2026-01-18T05:00:00.000Z,95,80
Mi Banco POC,442707,401072,30870,1246,2025-11-15T05:00:00.000Z,2026-01-18T05:00:00.000Z,2479,150
Banisi Chat,375051,370940,2531,173,2025-11-15T05:00:00.000Z,2026-01-18T05:00:00.000Z,692,60
Lotería Nacional EC,308610,258202,50238,14,2025-11-15T05:00:00.000Z,2026-01-18T05:00:00.000Z,2125,49
GEA Ecuador,290351,229973,49670,120,2025-11-15T05:00:00.000Z,2026-01-18T05:00:00.000Z,124,84
Piloto Creditia,235833,226414,8213,95,2025-11-15T05:00:00.000Z,2026-01-18T05:00:00.000Z,337,26
Arca PE,229295,222084,6646,122,2025-11-15T05:00:00.000Z,2026-01-18T05:00:00.000Z,362,35
UTPL Consultas,213207,182650,30182,186,2025-11-15T05:00:00.000Z,2026-01-18T05:00:00.000Z,125,50
ABInBev Colombia,192306,167258,24865,60,2025-11-15T05:00:00.000Z,2026-01-18T05:00:00.000Z,312,43
Pycca,183199,164165,17671,1278,2025-11-15T05:00:00.000Z,2026-01-18T05:00:00.000Z,54,33
Flexi,151683,138698,11949,81,2025-11-15T05:00:00.000Z,2026-01-18T05:00:00.000Z,1937,41
Muebles El Bosque,111397,110729,635,26,2025-11-15T05:00:00.000Z,2026-01-18T05:00:00.000Z,111,20
Solca,110246,91186,19011,49,2025-11-15T05:00:00.000Z,2026-01-18T05:00:00.000Z,1761,22
Dipaso,104469,76568,19390,53,2025-11-15T05:00:00.000Z,2026-01-18T05:00:00.000Z,110,21
Junta de Beneficencia,103998,74648,29267,82,2025-11-15T05:00:00.000Z,2026-01-18T05:00:00.000Z,288,8
Banco Union,102930,98394,3535,150,2025-11-15T05:00:00.000Z,2026-01-18T05:00:00.000Z,1737,35
Coca Cola en tu hogar,101479,81585,19817,40,2025-11-15T05:00:00.000Z,2026-01-18T05:00:00.000Z,1559,13
Massline,100830,87290,12679,450,2025-11-15T05:00:00.000Z,2026-01-18T05:00:00.000Z,405,72
Computron,98037,97266,747,24,2025-11-15T05:00:00.000Z,2026-01-18T05:00:00.000Z,2255,4
P2P - BCP,74187,73836,339,11,2025-11-15T05:00:00.000Z,2026-01-18T05:00:00.000Z,1992,6
Automekano,58303,54792,3493,11,2025-11-15T05:00:00.000Z,2026-01-18T05:00:00.000Z,2183,12
Arca PE Proyecto Frío,52280,50781,1353,140,2025-11-15T05:00:00.000Z,2026-01-18T05:00:00.000Z,470,28
Cresa,50924,48022,1448,350,2025-11-15T05:00:00.000Z,2026-01-18T05:00:00.000Z,2130,17
CNT Ecuador,48333,28251,17359,41,2025-11-15T05:00:00.000Z,2026-01-18T05:00:00.000Z,438,16
Yomp,46645,43427,2953,9,2025-11-15T05:00:00.000Z,2026-01-18T05:00:00.000Z,353,62
El Rosado,43237,41060,2046,19,2025-11-15T05:00:00.000Z,2026-01-18T05:00:00.000Z,28,30
Shippify,42664,30371,12194,13,2025-11-15T05:00:00.000Z,2026-01-18T05:00:00.000Z,1,17
Bajaj,39211,34339,4864,8,2025-11-15T05:00:00.000Z,2026-01-18T05:00:00.000Z,741,20
Tuenti Vendedores,37459,36566,842,7,2025-11-15T05:00:00.000Z,2026-01-18T05:00:00.000Z,1890,21
Cervecería Nacional,37432,31190,6086,26,2025-11-15T05:00:00.000Z,2026-01-18T05:00:00.000Z,138,37
Jelou Pay,32451,28209,4038,129,2025-11-15T05:00:00.000Z,2026-01-18T05:00:00.000Z,361,34
Cooperativa El Sagrario,31301,28401,2888,12,2025-11-15T05:00:00.000Z,2026-01-18T05:00:00.000Z,855,30
Bivi,26943,24933,2010,0,2025-11-15T05:00:00.000Z,2026-01-18T05:00:00.000Z,253,2
Kitton,18481,16238,2221,22,2025-11-15T05:00:00.000Z,2026-01-18T05:00:00.000Z,2397,36
Arca pe Turbo,18161,17171,964,7,2025-11-15T05:00:00.000Z,2026-01-18T05:00:00.000Z,2233,11
BetCell,17641,16892,134,513,2025-11-15T05:00:00.000Z,2026-01-08T05:00:00.000Z,2602,3
Banco Comercial Manabí,17427,16381,849,7,2025-11-15T05:00:00.000Z,2026-01-18T05:00:00.000Z,1584,29
Siigo,17382,16737,635,8,2025-11-15T05:00:00.000Z,2026-01-18T05:00:00.000Z,1566,17
Fideval,15984,15097,866,16,2025-11-15T05:00:00.000Z,2026-01-18T05:00:00.000Z,2455,28
CIVE,15289,10519,4767,1,2025-11-15T05:00:00.000Z,2026-01-18T05:00:00.000Z,1848,14
Tuenti POC,13645,11464,2068,86,2025-11-15T05:00:00.000Z,2026-01-18T05:00:00.000Z,823,13
Boticas Barcia,12284,7953,4330,1,2025-11-15T05:00:00.000Z,2026-01-18T05:00:00.000Z,2628,1
Mail Boxes Etc,11569,7432,4122,7,2025-11-15T05:00:00.000Z,2026-01-18T05:00:00.000Z,745,14
Tracklink,11179,9719,990,3,2025-11-15T05:00:00.000Z,2026-01-18T05:00:00.000Z,183,44
Marriott,10300,8605,1029,4,2025-11-15T05:00:00.000Z,2026-01-18T05:00:00.000Z,1950,17
AutoSky,8909,8194,350,12,2025-11-17T05:00:00.000Z,2026-01-18T05:00:00.000Z,2742,5
Banco Amazonas,8348,7857,303,121,2025-11-15T05:00:00.000Z,2026-01-18T05:00:00.000Z,307,24
Cooperativa Daquilema,7175,7175,0,0,2025-11-15T05:00:00.000Z,2026-01-18T05:00:00.000Z,1694,2
Lavca,6831,5073,1716,2,2025-11-15T05:00:00.000Z,2026-01-18T05:00:00.000Z,935,19
INDI - RECAUDACIONES,6663,6381,233,49,2025-11-15T05:00:00.000Z,2026-01-17T05:00:00.000Z,1925,19
DevLab,5252,4545,573,51,2025-11-15T05:00:00.000Z,2026-01-18T05:00:00.000Z,5,64
Granasa,5185,4744,384,13,2025-11-15T05:00:00.000Z,2026-01-18T05:00:00.000Z,2642,6
Grupo ElJuri,5109,3371,1735,0,2025-11-26T05:00:00.000Z,2026-01-17T05:00:00.000Z,2456,13
Comfama,5081,3474,1425,150,2025-11-15T05:00:00.000Z,2026-01-18T05:00:00.000Z,2413,8
Plustelesmart,4970,4583,382,5,2025-11-15T05:00:00.000Z,2026-01-18T05:00:00.000Z,2425,3
Lucha Campesina,4439,4439,0,0,2025-12-16T05:00:00.000Z,2026-01-18T05:00:00.000Z,2929,2
Oriental,4323,2313,2007,2,2025-11-15T05:00:00.000Z,2026-01-18T05:00:00.000Z,1480,10
Cable Magico,4321,4271,39,8,2025-11-20T05:00:00.000Z,2026-01-18T05:00:00.000Z,2896,14
CasaPlan MotorPlan,4237,2879,1254,58,2025-11-15T05:00:00.000Z,2026-01-18T05:00:00.000Z,316,30
Banco Solidario,4133,3846,287,0,2025-11-15T05:00:00.000Z,2026-01-18T05:00:00.000Z,1028,5
Fadesa,3849,3488,320,6,2025-11-15T05:00:00.000Z,2026-01-17T05:00:00.000Z,2190,69
Banisi,3638,3587,0,51,2025-11-15T05:00:00.000Z,2026-01-18T05:00:00.000Z,417,1
Partylovers,3470,3463,3,2,2025-11-15T05:00:00.000Z,2026-01-16T05:00:00.000Z,2799,4
SaludSA,3468,2619,848,1,2025-11-26T05:00:00.000Z,2026-01-18T05:00:00.000Z,1633,6
Tracklink Área Financiera,2993,2928,65,0,2025-11-15T05:00:00.000Z,2026-01-17T05:00:00.000Z,257,10
Duragas,2873,2513,332,26,2025-11-15T05:00:00.000Z,2026-01-18T05:00:00.000Z,1945,23
Universidad de las Artes,2754,1928,751,3,2025-11-16T05:00:00.000Z,2026-01-18T05:00:00.000Z,807,29
Naturisa,2699,2235,460,4,2025-11-15T05:00:00.000Z,2026-01-18T05:00:00.000Z,1482,11
KUMAMOTO,2687,2106,565,11,2025-11-23T05:00:00.000Z,2026-01-18T05:00:00.000Z,2692,1
Pizza Planet SMBs,2683,2489,191,3,2025-11-15T05:00:00.000Z,2026-01-18T05:00:00.000Z,2678,2
Jelou Marketplace,2599,2156,142,37,2025-11-16T05:00:00.000Z,2026-01-16T05:00:00.000Z,1944,42
Ecuaimco,2574,2261,304,9,2025-11-16T05:00:00.000Z,2026-01-16T05:00:00.000Z,2603,18
FD CENTER,2360,1879,477,0,2025-11-17T05:00:00.000Z,2026-01-17T05:00:00.000Z,1828,16
Banco Bolivariano Cobranzas,2349,2349,0,0,2025-11-15T05:00:00.000Z,2026-01-18T05:00:00.000Z,930,1
GRUPASA,2333,2313,12,0,2025-11-24T05:00:00.000Z,2026-01-16T05:00:00.000Z,2312,13
Donutterapia,2252,2139,54,11,2025-11-15T05:00:00.000Z,2026-01-18T05:00:00.000Z,2073,10
Ecugenius S.A.,2213,2213,0,0,2025-11-15T05:00:00.000Z,2026-01-18T05:00:00.000Z,2110,1
Universidad Insurgente,2081,1572,506,3,2025-11-15T05:00:00.000Z,2026-01-18T05:00:00.000Z,2205,21
SANTANA BREWING,2029,1758,254,17,2025-11-16T05:00:00.000Z,2026-01-18T05:00:00.000Z,2775,5
BG - Banco del Barrio 2,2029,2029,0,0,2025-11-15T05:00:00.000Z,2026-01-18T05:00:00.000Z,1245,4
Evalua Academy - Monica Coronel,1725,1442,283,0,2025-11-18T05:00:00.000Z,2026-01-18T05:00:00.000Z,2809,2
Nexxia - Grupo Salinas,1573,1319,242,0,2025-11-18T05:00:00.000Z,2026-01-17T05:00:00.000Z,2676,12
Jelou Clientes,1514,1241,237,4,2025-11-16T05:00:00.000Z,2026-01-17T05:00:00.000Z,2601,54
Cafering Eventos,1508,901,597,2,2025-11-19T05:00:00.000Z,2026-01-16T05:00:00.000Z,2395,7
Conauto,1508,733,459,12,2025-11-15T05:00:00.000Z,2026-01-18T05:00:00.000Z,2049,2
Panda - Sonax,1450,712,717,0,2025-11-15T05:00:00.000Z,2026-01-18T05:00:00.000Z,2745,1
Jelou Producto,1441,1039,299,35,2025-11-15T05:00:00.000Z,2026-01-18T05:00:00.000Z,331,113
Luné Skin and Massage - MONICA SANCHEZ,1375,1367,6,2,2025-11-18T05:00:00.000Z,2026-01-18T05:00:00.000Z,2774,2
DELTASEGUROS,1348,1106,239,3,2025-11-15T05:00:00.000Z,2026-01-18T05:00:00.000Z,2326,2
KOBE,1342,1265,68,1,2025-11-16T05:00:00.000Z,2026-01-18T05:00:00.000Z,2505,13
FPV Seguros,1338,1223,115,0,2025-11-17T05:00:00.000Z,2026-01-17T05:00:00.000Z,1951,12
BCP Pagos recurrentes,1316,1240,76,0,2025-11-16T05:00:00.000Z,2026-01-18T05:00:00.000Z,2297,10
Jelou Banking,1272,1068,167,9,2025-11-15T05:00:00.000Z,2026-01-16T05:00:00.000Z,1957,29
Refrielectric,1190,1117,32,0,2025-11-17T05:00:00.000Z,2025-12-30T05:00:00.000Z,1975,15
PTM,1180,850,272,10,2025-11-18T05:00:00.000Z,2026-01-17T05:00:00.000Z,2729,19
Pacifico Seguros,1170,771,387,12,2025-11-30T05:00:00.000Z,2026-01-18T05:00:00.000Z,2890,5
Disensa,1160,1058,73,28,2025-11-17T05:00:00.000Z,2026-01-14T05:00:00.000Z,2042,24
RELIV,1160,1147,12,1,2025-11-17T05:00:00.000Z,2025-12-15T05:00:00.000Z,2322,20
Luzverde,1121,771,339,11,2025-11-15T05:00:00.000Z,2026-01-18T05:00:00.000Z,258,8
Alpha Trading,1114,1030,29,1,2025-11-17T05:00:00.000Z,2025-12-03T05:00:00.000Z,2031,53
Ecufrutta - David Labanda,1066,1050,15,1,2025-11-16T05:00:00.000Z,2026-01-18T05:00:00.000Z,2808,7
PERSONAL CLEANER & CLEANERS S.A.,1066,1052,4,3,2025-11-15T05:00:00.000Z,2026-01-18T05:00:00.000Z,2528,2
HHS COMEX DISTRIBUCION S.A.S.,1065,1018,13,14,2025-12-05T05:00:00.000Z,2026-01-16T05:00:00.000Z,2985,7
BORN GLOBAL ECUADOR BGE S.A.S,1059,1004,17,4,2025-11-25T05:00:00.000Z,2026-01-16T05:00:00.000Z,2918,7
Datafast,1041,861,166,10,2025-11-15T05:00:00.000Z,2026-01-18T05:00:00.000Z,35,97
Jelou Shop,1007,734,235,4,2025-11-15T05:00:00.000Z,2026-01-16T05:00:00.000Z,322,22
DPIKEOS S.A.S. - Jean Carlos Garcia,949,795,0,154,2025-11-16T05:00:00.000Z,2026-01-18T05:00:00.000Z,2563,1
Talento Humano,931,874,54,3,2025-11-15T05:00:00.000Z,2026-01-18T05:00:00.000Z,1384,4
Demo Pocket Retail,892,881,11,0,2025-11-16T05:00:00.000Z,2026-01-18T05:00:00.000Z,2309,10
La casa de los abuelos,851,797,21,18,2025-11-18T05:00:00.000Z,2026-01-18T05:00:00.000Z,1988,3
MMG BANK,823,673,92,19,2025-11-25T05:00:00.000Z,2026-01-18T05:00:00.000Z,2625,20
Vivalia,819,585,234,0,2025-11-15T05:00:00.000Z,2026-01-18T05:00:00.000Z,1133,8
Ondu Cloud,788,615,143,1,2025-11-17T05:00:00.000Z,2026-01-17T05:00:00.000Z,1962,7
NOE,771,710,43,0,2025-11-19T05:00:00.000Z,2026-01-18T05:00:00.000Z,2506,10
Interoc EC,755,487,268,0,2025-12-02T05:00:00.000Z,2026-01-18T05:00:00.000Z,450,11
AEROCARGOEC S.A.S,729,718,8,3,2025-11-18T05:00:00.000Z,2026-01-18T05:00:00.000Z,2760,2
Jelou Dev,696,562,120,6,2025-11-15T05:00:00.000Z,2026-01-18T05:00:00.000Z,135,90
Grupo Carrera - Rodrigo Carrera,655,612,20,1,2025-11-16T05:00:00.000Z,2026-01-17T05:00:00.000Z,2452,8
Don Pescao,652,571,81,0,2025-11-15T05:00:00.000Z,2026-01-02T05:00:00.000Z,2711,2
Haceb,651,561,71,0,2025-11-20T05:00:00.000Z,2026-01-12T05:00:00.000Z,2655,16
Datilmedia S.A.,644,450,174,19,2025-11-15T05:00:00.000Z,2026-01-16T05:00:00.000Z,1926,12
Confort Sport,601,516,61,0,2025-11-15T05:00:00.000Z,2026-01-18T05:00:00.000Z,2768,8
La Fabril,592,550,34,2,2025-11-17T05:00:00.000Z,2026-01-16T05:00:00.000Z,2471,9
TIA Shopper,579,498,58,0,2025-11-17T05:00:00.000Z,2026-01-13T05:00:00.000Z,2242,12
Banco Guayaquil Cobranzas,530,528,0,2,2025-11-19T05:00:00.000Z,2026-01-16T05:00:00.000Z,811,3
Total Education Program,508,494,14,0,2025-11-17T05:00:00.000Z,2026-01-16T05:00:00.000Z,1946,18
Interoc,485,283,199,3,2025-11-27T05:00:00.000Z,2026-01-18T05:00:00.000Z,321,17
Educación Multicolor,473,440,30,0,2025-11-15T05:00:00.000Z,2026-01-18T05:00:00.000Z,2526,3
Centric,460,420,31,0,2025-11-18T05:00:00.000Z,2026-01-15T05:00:00.000Z,1983,12
TOYS & HOBBIES,451,436,3,5,2025-11-16T05:00:00.000Z,2025-12-16T05:00:00.000Z,2299,6
Espol,449,429,20,0,2025-11-15T05:00:00.000Z,2026-01-18T05:00:00.000Z,311,15
Scotiabank,395,336,42,3,2025-11-16T05:00:00.000Z,2026-01-14T05:00:00.000Z,2457,19
Swimlab -  Juan Pablo,393,370,0,23,2025-11-15T05:00:00.000Z,2026-01-17T05:00:00.000Z,2688,2
Arca PE Ecommerce,393,134,259,0,2025-11-15T05:00:00.000Z,2026-01-15T05:00:00.000Z,1068,1
Ferretería 3H,392,362,1,23,2025-11-20T05:00:00.000Z,2025-12-18T05:00:00.000Z,2880,9
COMERCIO OLLAGUE Dermage,375,363,4,1,2025-11-24T05:00:00.000Z,2025-12-16T05:00:00.000Z,2882,5
GEA Recursos Humanos,372,335,37,0,2025-11-15T05:00:00.000Z,2026-01-17T05:00:00.000Z,149,21
11 Gallery Tattoo,367,354,3,0,2025-11-15T05:00:00.000Z,2026-01-18T05:00:00.000Z,2236,2
MERCADER M593,345,336,0,0,2025-11-21T05:00:00.000Z,2026-01-18T05:00:00.000Z,2893,9
Altar de la Tierra MX,338,210,64,0,2025-11-15T05:00:00.000Z,2025-11-25T05:00:00.000Z,2679,5
HFIT,335,333,1,1,2025-11-15T05:00:00.000Z,2026-01-18T05:00:00.000Z,2670,2
Bruno,315,279,36,0,2025-11-20T05:00:00.000Z,2026-01-16T05:00:00.000Z,1649,22
Dialogus,311,231,34,18,2025-11-17T05:00:00.000Z,2026-01-17T05:00:00.000Z,1512,31
Seguros Confianza,310,236,67,1,2025-11-17T05:00:00.000Z,2026-01-15T05:00:00.000Z,1845,5
EclipSoft,301,146,148,2,2025-11-18T05:00:00.000Z,2026-01-18T05:00:00.000Z,1053,21
Bolos Capricho - Jonathan Bermello,297,246,49,1,2025-11-15T05:00:00.000Z,2026-01-16T05:00:00.000Z,2744,2
Opti David Chavez,291,285,4,2,2025-11-15T05:00:00.000Z,2025-12-21T05:00:00.000Z,2693,2
HEAD Ecuador,289,286,1,0,2025-11-17T05:00:00.000Z,2026-01-16T05:00:00.000Z,2754,3
Dreamers Fútbol Club,287,185,100,0,2025-11-15T05:00:00.000Z,2026-01-18T05:00:00.000Z,2235,2
PUERTACOLORCORP SA,280,191,19,4,2025-11-15T05:00:00.000Z,2026-01-17T05:00:00.000Z,2610,3
Arca EC,257,84,173,0,2025-11-15T05:00:00.000Z,2026-01-18T05:00:00.000Z,359,1
Plus Services,245,227,18,0,2025-11-19T05:00:00.000Z,2026-01-16T05:00:00.000Z,45,9
INSTITUTO SUPERIOR TECNOLOGICO KRUGER TEK,243,233,9,0,2025-11-16T05:00:00.000Z,2026-01-18T05:00:00.000Z,2800,6
Banco Industrial,237,186,36,0,2025-11-18T05:00:00.000Z,2026-01-14T05:00:00.000Z,2750,11
Elektra,230,217,11,0,2025-11-30T05:00:00.000Z,2026-01-16T05:00:00.000Z,2902,2
Sistecrédito,227,142,80,5,2025-11-16T05:00:00.000Z,2026-01-18T05:00:00.000Z,1811,5
Securityrisk,225,222,0,2,2025-12-05T05:00:00.000Z,2026-01-16T05:00:00.000Z,3006,3
4 Me,219,205,1,1,2025-11-17T05:00:00.000Z,2026-01-15T05:00:00.000Z,2325,8
QPay,213,111,102,0,2025-11-17T05:00:00.000Z,2026-01-17T05:00:00.000Z,2379,12
CEPSA,211,204,6,1,2025-11-18T05:00:00.000Z,2025-12-11T05:00:00.000Z,2243,7
Italika,209,161,48,0,2025-11-15T05:00:00.000Z,2026-01-18T05:00:00.000Z,1955,1
Ambiente QA,208,197,11,0,2025-11-17T05:00:00.000Z,2026-01-18T05:00:00.000Z,462,17
Natfit implementos deportivos,206,200,3,2,2025-11-24T05:00:00.000Z,2025-12-17T05:00:00.000Z,2663,3
LA CASA DEL CARRETON,203,203,0,0,2025-11-17T05:00:00.000Z,2026-01-14T05:00:00.000Z,2762,3
Aseguradora del Sur,202,150,50,0,2025-11-19T05:00:00.000Z,2026-01-14T05:00:00.000Z,2401,8
Supreme Ventures,201,191,4,0,2025-11-17T05:00:00.000Z,2025-12-22T05:00:00.000Z,1641,14
Call&Buy,195,183,1,3,2026-01-06T05:00:00.000Z,2026-01-16T05:00:00.000Z,3205,8
Danec,181,173,8,0,2025-11-17T05:00:00.000Z,2026-01-15T05:00:00.000Z,1760,3
Cibernetica,174,110,23,17,2025-11-18T05:00:00.000Z,2026-01-15T05:00:00.000Z,1898,13
Vitapro,171,166,2,0,2025-11-27T05:00:00.000Z,2026-01-13T05:00:00.000Z,1860,13
BCP Cuenta Sueldo,171,158,13,0,2025-11-15T05:00:00.000Z,2026-01-17T05:00:00.000Z,2156,4
DETMEDECUADOR S.A.S.,163,149,6,1,2025-12-26T05:00:00.000Z,2026-01-18T05:00:00.000Z,3142,8
Universidad Anglo Hispano Mexicana,163,162,1,0,2025-11-17T05:00:00.000Z,2025-12-21T05:00:00.000Z,2721,2
Algesta,156,128,28,0,2025-11-18T05:00:00.000Z,2026-01-07T05:00:00.000Z,2419,6
RAVENROCK-DIEGO CASTRO,151,150,0,0,2025-11-20T05:00:00.000Z,2026-01-16T05:00:00.000Z,2870,6
Seguros Pacífico,145,97,45,2,2025-11-15T05:00:00.000Z,2026-01-15T05:00:00.000Z,452,6
Katherine del Carmen Ovando,136,109,26,1,2025-11-17T05:00:00.000Z,2026-01-16T05:00:00.000Z,1266,2
Biodigestor Ecuador,132,126,0,2,2025-12-02T05:00:00.000Z,2026-01-14T05:00:00.000Z,2955,7
LEGALIX - Olvis Quintana,132,118,10,2,2025-11-15T05:00:00.000Z,2026-01-15T05:00:00.000Z,2656,3
Miss Lashes,128,128,0,0,2025-11-17T05:00:00.000Z,2026-01-16T05:00:00.000Z,2424,2
Intervalores,128,122,5,0,2025-11-15T05:00:00.000Z,2026-01-17T05:00:00.000Z,2139,5
Consultorio Odontológico Salud Bucal - ANGULO OSUNA JOSE LUIS,123,122,1,0,2025-11-15T05:00:00.000Z,2025-12-15T05:00:00.000Z,2653,2
Uraga,122,88,34,0,2025-11-17T05:00:00.000Z,2026-01-17T05:00:00.000Z,2684,8
Banco del Austro,121,96,21,2,2025-12-05T05:00:00.000Z,2026-01-16T05:00:00.000Z,133,27
Padelcity Cuenca,120,100,10,0,2025-11-15T05:00:00.000Z,2026-01-18T05:00:00.000Z,2605,2
Oficina de Admisiones Universidad B - UBE,119,114,0,0,2025-12-24T05:00:00.000Z,2026-01-14T05:00:00.000Z,2957,7
CONSORCIO FLXJSA SAS,115,115,0,0,2025-11-15T05:00:00.000Z,2026-01-18T05:00:00.000Z,2752,2
TCLOG,115,90,25,0,2025-11-17T05:00:00.000Z,2026-01-16T05:00:00.000Z,2001,3
GEOMIL,113,113,0,0,2025-11-17T05:00:00.000Z,2026-01-18T05:00:00.000Z,2012,2
Academia de música Franz Liszt,112,69,27,0,2025-11-15T05:00:00.000Z,2026-01-17T05:00:00.000Z,2597,3
BITELNET S.A.S.,110,107,0,3,2025-12-26T05:00:00.000Z,2026-01-14T05:00:00.000Z,3132,3
Mantenimiento Automotriz Ortega,109,106,3,0,2025-11-17T05:00:00.000Z,2026-01-16T05:00:00.000Z,2842,5
Dr Manuel Cedeño,108,108,0,0,2025-11-26T05:00:00.000Z,2026-01-12T05:00:00.000Z,2934,2
CristianLLC,107,61,41,4,2025-12-09T05:00:00.000Z,2026-01-18T05:00:00.000Z,3011,8
VACAN ELECTRODOMESTICOS,103,100,2,0,2025-11-15T05:00:00.000Z,2025-12-23T05:00:00.000Z,2258,3
TuGOU - Hiperlicores,103,102,0,1,2025-12-17T05:00:00.000Z,2025-12-22T05:00:00.000Z,3076,6
ARCA,102,81,10,11,2025-12-23T05:00:00.000Z,2026-01-12T05:00:00.000Z,3119,6
Implementaciones Training,98,98,0,0,2025-12-02T05:00:00.000Z,2025-12-03T05:00:00.000Z,1655,2
Aurea,96,89,7,0,2025-11-24T05:00:00.000Z,2026-01-18T05:00:00.000Z,317,2
IMPORTADORA KING,96,64,0,32,2025-12-02T05:00:00.000Z,2026-01-16T05:00:00.000Z,2770,2
MUSE ACADEMY,93,93,0,0,2025-11-18T05:00:00.000Z,2026-01-18T05:00:00.000Z,2614,2
Financiera Efectiva,92,77,15,0,2025-11-18T05:00:00.000Z,2026-01-07T05:00:00.000Z,2646,5
Rappipay,89,77,9,2,2025-11-20T05:00:00.000Z,2026-01-10T05:00:00.000Z,2277,2
Ophira,83,67,15,1,2025-12-02T05:00:00.000Z,2026-01-16T05:00:00.000Z,2683,11
Vitapro Comunicación interna,80,80,0,0,2025-12-31T05:00:00.000Z,2026-01-18T05:00:00.000Z,3128,1
Sajú,77,60,3,13,2025-12-05T05:00:00.000Z,2026-01-16T05:00:00.000Z,2669,6
FUNDACION REYSOL - GARCIA SIERRA CHRISTIAN NICOLAY,75,60,13,1,2025-11-15T05:00:00.000Z,2026-01-15T05:00:00.000Z,2686,2
Expand,74,64,9,1,2025-12-01T05:00:00.000Z,2026-01-15T05:00:00.000Z,1160,8
Apptividad,71,51,18,1,2025-11-28T05:00:00.000Z,2026-01-14T05:00:00.000Z,2314,9
MAYA PIONEER,63,59,0,4,2025-11-15T05:00:00.000Z,2026-01-18T05:00:00.000Z,2298,3
TNT Control Plagas,63,57,6,0,2025-11-21T05:00:00.000Z,2026-01-08T05:00:00.000Z,1995,6
EPA,59,9,6,44,2025-12-04T05:00:00.000Z,2026-01-18T05:00:00.000Z,2987,5
LINKHOME,52,52,0,0,2025-11-15T05:00:00.000Z,2026-01-15T05:00:00.000Z,2612,2
REF,51,42,9,0,2025-11-19T05:00:00.000Z,2025-12-19T05:00:00.000Z,2728,1
ADR COMPANY,50,47,0,1,2026-01-06T05:00:00.000Z,2026-01-13T05:00:00.000Z,3150,6
FOODLINE,50,50,0,0,2025-11-17T05:00:00.000Z,2026-01-18T05:00:00.000Z,2482,2
Barça Academy,50,50,0,0,2025-11-22T05:00:00.000Z,2026-01-12T05:00:00.000Z,2393,2
Jelou Revenue,40,27,13,0,2025-11-15T05:00:00.000Z,2026-01-16T05:00:00.000Z,2033,2
Organización de prueba test,39,39,0,0,2025-12-05T05:00:00.000Z,2025-12-10T05:00:00.000Z,3004,1
VIRTUALTEK,39,35,3,1,2025-12-17T05:00:00.000Z,2026-01-17T05:00:00.000Z,2089,3
INSPECTEN,38,3,11,24,2025-12-03T05:00:00.000Z,2025-12-09T05:00:00.000Z,2977,2
Telefit 2,33,31,2,0,2026-01-08T05:00:00.000Z,2026-01-14T05:00:00.000Z,3157,1
Urban Skin - Monica Guzman,31,31,0,0,2026-01-09T05:00:00.000Z,2026-01-16T05:00:00.000Z,3188,2
FARMACIAS DANNACAROLINA,30,28,2,0,2026-01-09T05:00:00.000Z,2026-01-12T05:00:00.000Z,2875,3
El gaucho artesano,28,28,0,0,2025-11-15T05:00:00.000Z,2025-11-16T05:00:00.000Z,2662,4
Jeloullc,27,16,11,0,2025-12-17T05:00:00.000Z,2025-12-23T05:00:00.000Z,3072,2
La Finestra SAS,27,27,0,0,2026-01-06T05:00:00.000Z,2026-01-17T05:00:00.000Z,997,3
Tu Tienda en Casa,27,27,0,0,2025-12-11T05:00:00.000Z,2025-12-17T05:00:00.000Z,3015,2
Integración Genesys Test,25,23,2,0,2025-12-05T05:00:00.000Z,2025-12-29T05:00:00.000Z,2999,1
pilotodev,25,25,0,0,2026-01-09T05:00:00.000Z,2026-01-14T05:00:00.000Z,3261,3
KABOOM SHOW&amp;EVENTOS,25,25,0,0,2025-11-17T05:00:00.000Z,2026-01-08T05:00:00.000Z,2717,2
AZ Company,24,23,1,0,2026-01-07T05:00:00.000Z,2026-01-07T05:00:00.000Z,2879,2
101 Grados,24,24,0,0,2025-11-18T05:00:00.000Z,2026-01-14T05:00:00.000Z,2469,1
JOSBEEC S.A.S,24,24,0,0,2025-11-16T05:00:00.000Z,2025-11-27T05:00:00.000Z,2559,3
Dr Fernando Guzman - Cirujano Urologo,23,23,0,0,2025-12-19T05:00:00.000Z,2025-12-26T05:00:00.000Z,3100,2
Arkadia - Disruptiva360,23,23,0,0,2025-12-02T05:00:00.000Z,2026-01-13T05:00:00.000Z,2743,2
Peque Ayuda,22,16,6,0,2026-01-08T05:00:00.000Z,2026-01-15T05:00:00.000Z,3251,1
Denny Schuldt + Prueba,21,20,1,0,2025-12-03T05:00:00.000Z,2026-01-05T05:00:00.000Z,2971,4
Picker,20,20,0,0,2025-12-01T05:00:00.000Z,2025-12-01T05:00:00.000Z,304,1
Semvra,20,13,7,0,2025-11-18T05:00:00.000Z,2025-12-22T05:00:00.000Z,1984,3
Ecotec,19,15,3,1,2025-12-10T05:00:00.000Z,2026-01-16T05:00:00.000Z,2703,1
Racevents,19,12,7,0,2025-11-19T05:00:00.000Z,2026-01-18T05:00:00.000Z,2239,3
GrupoMas - Claro,19,19,0,0,2025-12-15T05:00:00.000Z,2025-12-18T05:00:00.000Z,2264,4
Somos + Broker de seguros,18,10,8,0,2025-11-15T05:00:00.000Z,2025-12-05T05:00:00.000Z,2759,3
Legado motors,18,18,0,0,2025-11-28T05:00:00.000Z,2026-01-15T05:00:00.000Z,2484,2
ESPOL-1,18,4,1,13,2026-01-14T05:00:00.000Z,2026-01-15T05:00:00.000Z,3291,2
Interoc CO,17,0,2,15,2026-01-16T05:00:00.000Z,2026-01-16T05:00:00.000Z,3285,1
Arca camiones,16,9,7,0,2025-11-22T05:00:00.000Z,2026-01-18T05:00:00.000Z,1940,3
Anaid Nutriologa,16,14,0,2,2025-11-26T05:00:00.000Z,2025-11-27T05:00:00.000Z,2925,1
BCP Crosspayments,15,5,5,5,2026-01-08T05:00:00.000Z,2026-01-16T05:00:00.000Z,2756,4
Kathy Testing,15,12,2,0,2026-01-08T05:00:00.000Z,2026-01-16T05:00:00.000Z,2431,3
HB + Juanse,14,14,0,0,2025-12-10T05:00:00.000Z,2025-12-10T05:00:00.000Z,3037,1
SMBs Test,13,13,0,0,2025-12-30T05:00:00.000Z,2026-01-05T05:00:00.000Z,3169,1
Innovat Latam.,13,8,5,0,2025-12-02T05:00:00.000Z,2026-01-09T05:00:00.000Z,368,3
IALLSA LATAM SAS,12,12,0,0,2026-01-13T05:00:00.000Z,2026-01-16T05:00:00.000Z,3262,1
MANKA SAN JUAN,12,11,0,1,2025-11-15T05:00:00.000Z,2025-12-01T05:00:00.000Z,2716,2
Citas & Agendas ,12,10,1,0,2025-11-20T05:00:00.000Z,2026-01-05T05:00:00.000Z,2737,2
WATERSUPPLY EC,12,12,0,0,2025-12-09T05:00:00.000Z,2025-12-15T05:00:00.000Z,2753,1
Grupo Velasco,12,7,4,0,2026-01-07T05:00:00.000Z,2026-01-16T05:00:00.000Z,2420,4
Siglo 21,11,11,0,0,2026-01-08T05:00:00.000Z,2026-01-08T05:00:00.000Z,2757,3
Garmin Ecuador,11,9,2,0,2026-01-14T05:00:00.000Z,2026-01-16T05:00:00.000Z,3287,2
Pinturas Stop,11,10,1,0,2025-11-18T05:00:00.000Z,2025-11-29T05:00:00.000Z,2748,2
Games and Geeks,9,8,0,1,2025-11-15T05:00:00.000Z,2025-11-18T05:00:00.000Z,2615,3
RCM Relojeria,9,7,2,0,2025-11-19T05:00:00.000Z,2025-12-03T05:00:00.000Z,2690,2
COLLSERV,9,9,0,0,2025-11-22T05:00:00.000Z,2025-12-23T05:00:00.000Z,2030,2
Luis Personal,9,4,5,0,2025-11-30T05:00:00.000Z,2025-12-31T05:00:00.000Z,2951,1
ESCUELA DE FOTOGRAFOS,9,8,0,0,2026-01-09T05:00:00.000Z,2026-01-09T05:00:00.000Z,2254,4
Soma,8,3,5,0,2026-01-05T05:00:00.000Z,2026-01-05T05:00:00.000Z,3194,1
Farmacias Danna Carolina,8,8,0,0,2025-11-25T05:00:00.000Z,2025-12-04T05:00:00.000Z,2524,1
Banco Delta,8,6,2,0,2025-11-17T05:00:00.000Z,2026-01-07T05:00:00.000Z,1993,4
Caja Negra,8,8,0,0,2026-01-03T05:00:00.000Z,2026-01-04T05:00:00.000Z,3174,3
Valorenz,8,7,1,0,2025-11-24T05:00:00.000Z,2025-11-25T05:00:00.000Z,2252,7
INSTITUTO SERVUGON S.A.S.,8,8,0,0,2025-12-19T05:00:00.000Z,2026-01-02T05:00:00.000Z,2466,1
IaTransformation,7,6,1,0,2026-01-15T05:00:00.000Z,2026-01-15T05:00:00.000Z,3265,1
Compañia SMBS 2,7,7,0,0,2025-12-16T05:00:00.000Z,2025-12-17T05:00:00.000Z,3088,1
CBC,7,7,0,0,2025-12-17T05:00:00.000Z,2026-01-04T05:00:00.000Z,2047,4
Pitz,7,4,3,0,2025-12-24T05:00:00.000Z,2025-12-30T05:00:00.000Z,2769,1
Seidor,6,0,0,5,2026-01-15T05:00:00.000Z,2026-01-15T05:00:00.000Z,3294,1
Demo partners,6,6,0,0,2025-12-02T05:00:00.000Z,2025-12-17T05:00:00.000Z,2230,3
Nuevas Operaciones Comerciales NUCOPSA S.A.,6,5,0,0,2026-01-16T05:00:00.000Z,2026-01-17T05:00:00.000Z,3300,3
N5,6,2,4,0,2025-11-25T05:00:00.000Z,2025-11-30T05:00:00.000Z,967,3
ABS,6,4,2,0,2025-12-31T05:00:00.000Z,2026-01-15T05:00:00.000Z,2300,4
COMSUCRE,6,6,0,0,2025-12-04T05:00:00.000Z,2025-12-05T05:00:00.000Z,2876,1
SILHO - Dr. Edwin Ayala,6,6,0,0,2025-11-27T05:00:00.000Z,2026-01-05T05:00:00.000Z,2623,2
Vivobook,6,6,0,0,2025-11-15T05:00:00.000Z,2025-11-18T05:00:00.000Z,2828,1
FÍE,5,1,4,0,2025-11-25T05:00:00.000Z,2025-11-25T05:00:00.000Z,2234,1
JelouAI,5,0,0,5,2025-12-16T05:00:00.000Z,2025-12-16T05:00:00.000Z,3078,1
DIGITALNET,5,5,0,0,2025-11-26T05:00:00.000Z,2025-11-26T05:00:00.000Z,2667,2
Fernando Alvarado,4,2,0,0,2025-12-30T05:00:00.000Z,2025-12-30T05:00:00.000Z,2856,2
Santa Marina BH,4,3,0,0,2025-12-16T05:00:00.000Z,2025-12-16T05:00:00.000Z,3085,1
Amo Mis Rizos by Yuyi,4,2,2,0,2025-11-24T05:00:00.000Z,2025-11-30T05:00:00.000Z,2695,2
Ov Smart,4,4,0,0,2026-01-16T05:00:00.000Z,2026-01-18T05:00:00.000Z,3283,2
DKB LTD. SOCIEDAD POR ACCIONES SIMPLIFICADA,4,4,0,0,2025-11-15T05:00:00.000Z,2025-12-01T05:00:00.000Z,2617,1
Soma Ring,4,2,2,0,2025-11-17T05:00:00.000Z,2026-01-05T05:00:00.000Z,2858,1
Armorstorec,4,4,0,0,2025-12-09T05:00:00.000Z,2025-12-19T05:00:00.000Z,2802,1
Nuevas Operaciones C NUCOPSA,4,4,0,0,2026-01-16T05:00:00.000Z,2026-01-16T05:00:00.000Z,3320,2
INSPECTEN SMBs,4,2,1,1,2025-12-10T05:00:00.000Z,2025-12-11T05:00:00.000Z,3016,1
Novadental,4,2,1,0,2025-11-28T05:00:00.000Z,2025-12-01T05:00:00.000Z,2694,2
vidaintegraoficial,4,3,1,0,2025-11-19T05:00:00.000Z,2025-11-19T05:00:00.000Z,2866,2
Movil Bus,4,3,1,0,2026-01-08T05:00:00.000Z,2026-01-08T05:00:00.000Z,339,4
RP3,4,3,1,0,2025-11-24T05:00:00.000Z,2025-11-24T05:00:00.000Z,2910,1
FIBERGO CR,4,4,0,0,2025-12-19T05:00:00.000Z,2025-12-21T05:00:00.000Z,3120,1
alain+test001@jelou.ai,3,3,0,0,2025-11-23T05:00:00.000Z,2025-11-24T05:00:00.000Z,2838,1
Kim Self Service,3,3,0,0,2025-12-08T05:00:00.000Z,2025-12-08T05:00:00.000Z,2959,1
Start Co,3,3,0,0,2025-12-15T05:00:00.000Z,2026-01-12T05:00:00.000Z,1865,2
Prueba JSHF,3,2,0,0,2025-11-17T05:00:00.000Z,2025-11-17T05:00:00.000Z,2844,1
Dyadent,3,3,0,0,2025-12-23T05:00:00.000Z,2025-12-23T05:00:00.000Z,3140,1
DIGRAL,3,2,1,0,2025-11-26T05:00:00.000Z,2025-12-20T05:00:00.000Z,2461,1
OmniLuigi,3,3,0,0,2026-01-13T05:00:00.000Z,2026-01-13T05:00:00.000Z,2855,1
PruebasFuncionales,3,1,0,2,2026-01-15T05:00:00.000Z,2026-01-15T05:00:00.000Z,3154,2
Juan Test SMBs 4,3,0,0,3,2025-11-15T05:00:00.000Z,2025-11-18T05:00:00.000Z,2833,1
Serie,2,2,0,0,2025-11-24T05:00:00.000Z,2025-11-24T05:00:00.000Z,2840,1
CompanyTest2,2,2,0,0,2025-12-15T05:00:00.000Z,2025-12-15T05:00:00.000Z,3047,1
Ck Comercializadora,2,2,0,0,2025-12-30T05:00:00.000Z,2026-01-06T05:00:00.000Z,1847,1
Quality Assurance,2,2,0,0,2025-12-04T05:00:00.000Z,2025-12-04T05:00:00.000Z,2620,1
Totalplay,2,1,1,0,2025-11-26T05:00:00.000Z,2026-01-06T05:00:00.000Z,2014,1
Tecnodescuento,2,1,1,0,2025-11-16T05:00:00.000Z,2025-11-16T05:00:00.000Z,2600,1
ZHM Seguros,2,2,0,0,2025-12-04T05:00:00.000Z,2025-12-15T05:00:00.000Z,1964,1
TRUKEL X ,2,1,1,0,2025-12-02T05:00:00.000Z,2025-12-02T05:00:00.000Z,2961,1
BCP Sendsei,2,1,1,0,2026-01-06T05:00:00.000Z,2026-01-06T05:00:00.000Z,1973,2
Smart Services,2,2,0,0,2025-12-15T05:00:00.000Z,2025-12-15T05:00:00.000Z,2998,1
Medexcard,2,0,2,0,2026-01-10T05:00:00.000Z,2026-01-11T05:00:00.000Z,1648,1
Super self service test,2,2,0,0,2025-11-25T05:00:00.000Z,2025-11-25T05:00:00.000Z,2836,1
AM PUBLICIDAD,2,2,0,0,2025-11-19T05:00:00.000Z,2025-12-04T05:00:00.000Z,2705,1
Audaz,2,2,0,0,2025-11-17T05:00:00.000Z,2025-11-17T05:00:00.000Z,2458,2
Uno punto uno,2,2,0,0,2025-11-23T05:00:00.000Z,2025-11-23T05:00:00.000Z,2549,1
Nesec,1,1,0,0,2026-01-13T05:00:00.000Z,2026-01-13T05:00:00.000Z,2805,1
Nextgen,1,0,1,0,2026-01-08T05:00:00.000Z,2026-01-08T05:00:00.000Z,1565,1
Finanza AI,1,0,1,0,2025-12-21T05:00:00.000Z,2025-12-21T05:00:00.000Z,1758,1
Garmin,1,1,0,0,2026-01-13T05:00:00.000Z,2026-01-13T05:00:00.000Z,3275,1
JelouPasante,1,1,0,0,2026-01-05T05:00:00.000Z,2026-01-05T05:00:00.000Z,3190,1
Universidad Iberoamericana,1,0,1,0,2025-11-17T05:00:00.000Z,2025-11-17T05:00:00.000Z,2738,1
Test PMA - JS,1,1,0,0,2026-01-16T05:00:00.000Z,2026-01-16T05:00:00.000Z,3309,1
Colecciones Jonathan-S,1,0,1,0,2025-12-02T05:00:00.000Z,2025-12-02T05:00:00.000Z,2691,1
CASCEP Capacitaciones,1,1,0,0,2025-11-22T05:00:00.000Z,2025-11-22T05:00:00.000Z,2426,1
Sanamente,1,0,1,0,2025-12-23T05:00:00.000Z,2025-12-23T05:00:00.000Z,2499,1
ACME,1,1,0,0,2026-01-13T05:00:00.000Z,2026-01-13T05:00:00.000Z,3204,1
restaurante,1,1,0,0,2025-12-23T05:00:00.000Z,2025-12-23T05:00:00.000Z,3135,1
SEIDOR TEST,1,1,0,0,2026-01-15T05:00:00.000Z,2026-01-15T05:00:00.000Z,3297,1
Facephi<>Peigo,1,0,1,0,2025-11-21T05:00:00.000Z,2025-11-21T05:00:00.000Z,121,1
Balcones del paraiso,1,0,1,0,2025-11-26T05:00:00.000Z,2025-11-26T05:00:00.000Z,2396,1
TecnoSanpar,1,1,0,0,2025-12-11T05:00:00.000Z,2025-12-11T05:00:00.000Z,3007,1
MUVIMAR - Alina Munoz,1,1,0,0,2026-01-09T05:00:00.000Z,2026-01-09T05:00:00.000Z,2698,1
